PERMIT#,PERMIT_TYPE,APPLICATION_START_DATE,ISSUE_DATE,LATITUDE,LONGITUDE,zipcode,community_area
100851296,PERMIT - NEW CONSTRUCTION,11/30/2021,11/30/2021,41.86398489,-87.62589624,IL,
100946087,PERMIT - NEW CONSTRUCTION,11/29/2021,11/29/2021,41.92613143,-87.65955069,60614,LOGAN SQUARE
100927168,PERMIT - NEW CONSTRUCTION,11/29/2021,11/29/2021,41.8775533,-87.69540033,60644,AUSTIN
100930670,PERMIT - NEW CONSTRUCTION,11/24/2021,11/24/2021,41.92995522,-87.66725149,60614,LOGAN SQUARE
100949303,PERMIT - NEW CONSTRUCTION,11/23/2021,11/23/2021,41.97326374,-87.73917547,60630,FOREST GLEN
100948888,PERMIT - NEW CONSTRUCTION,11/23/2021,11/23/2021,41.87949547,-87.63382966,60696,
100928349,PERMIT - NEW CONSTRUCTION,11/22/2021,11/22/2021,41.9364392,-87.71423813,60618,AVONDALE
100949323,PERMIT - NEW CONSTRUCTION,11/22/2021,11/22/2021,41.85498629,-87.73476106,60623,SOUTH LAWNDALE
100946489,PERMIT - NEW CONSTRUCTION,11/22/2021,11/22/2021,41.92628665,-87.70005201,60618,AVONDALE
100945199,PERMIT - NEW CONSTRUCTION,11/18/2021,11/29/2021,41.87051997,-87.62605352,60605,NEAR SOUTH SIDE
100944606,PERMIT - NEW CONSTRUCTION,11/18/2021,11/29/2021,41.95889037,-87.78201199,60630,FOREST GLEN
100949133,PERMIT - NEW CONSTRUCTION,11/18/2021,11/18/2021,41.88426637,-87.64927147,60607,LOOP
100948765,PERMIT - NEW CONSTRUCTION,11/18/2021,11/18/2021,41.87678181,-87.62964264,60605,NEAR SOUTH SIDE
100949112,PERMIT - NEW CONSTRUCTION,11/18/2021,11/18/2021,41.8833222,-87.6297751,60602,LOOP
100948769,PERMIT - NEW CONSTRUCTION,11/18/2021,11/30/2021,41.87747384,-87.68324922,60612,NORTH LAWNDALE
100941713,PERMIT - NEW CONSTRUCTION,11/18/2021,11/18/2021,41.96229564,-87.69473025,60625,ALBANY PARK
100949324,PERMIT - NEW CONSTRUCTION,11/18/2021,11/18/2021,41.78429537,-87.59440556,60637,WOODLAWN
100875014,PERMIT - NEW CONSTRUCTION,11/17/2021,11/17/2021,41.90946343,-87.63579889,60610,WEST TOWN
100948812,PERMIT - NEW CONSTRUCTION,11/17/2021,11/17/2021,41.88996232,-87.62424354,60601,LOOP
100929569,PERMIT - NEW CONSTRUCTION,11/17/2021,11/17/2021,41.77721283,-87.59472286,60637,WOODLAWN
100934686,PERMIT - NEW CONSTRUCTION,11/16/2021,11/16/2021,41.94934924,-87.70559458,60625,ALBANY PARK
100921568,PERMIT - NEW CONSTRUCTION,11/16/2021,11/16/2021,41.78151485,-87.72161137,60629,WEST ELSDON
100933322,PERMIT - NEW CONSTRUCTION,11/16/2021,11/16/2021,41.82708467,-87.66679484,60609,BRIDGEPORT
100945232,PERMIT - NEW CONSTRUCTION,11/16/2021,11/16/2021,41.78342515,-87.63594146,60636,ENGLEWOOD
100943756,PERMIT - NEW CONSTRUCTION,11/16/2021,11/16/2021,nan,nan,,
100948585,PERMIT - NEW CONSTRUCTION,11/15/2021,11/16/2021,41.93224606,-87.67226774,60657,LAKEVIEW
100947436,PERMIT - NEW CONSTRUCTION,11/15/2021,11/15/2021,42.01555833,-87.70108147,60645,
100893705,PERMIT - NEW CONSTRUCTION,11/15/2021,11/15/2021,41.93540387,-87.65786045,60657,LAKEVIEW
100944718,PERMIT - NEW CONSTRUCTION,11/15/2021,11/15/2021,41.88651948,-87.70675981,60624,HUMBOLDT PARK
100947712,PERMIT - NEW CONSTRUCTION,11/14/2021,11/14/2021,41.83836687,-87.70744585,60623,SOUTH LAWNDALE
100948528,PERMIT - NEW CONSTRUCTION,11/14/2021,11/14/2021,41.95798236,-87.64826499,60613,
100948534,PERMIT - NEW CONSTRUCTION,11/13/2021,11/13/2021,41.83488064,-87.65061319,60609,BRIDGEPORT
100947728,PERMIT - NEW CONSTRUCTION,11/13/2021,11/13/2021,41.88458837,-87.62327256,60601,LOOP
100941858,PERMIT - NEW CONSTRUCTION,11/10/2021,11/10/2021,41.97695746,-87.68595938,60625,ALBANY PARK
100942381,PERMIT - NEW CONSTRUCTION,11/10/2021,11/10/2021,41.85853846,-87.6507569,60608,NORTH LAWNDALE
100945298,PERMIT - NEW CONSTRUCTION,11/10/2021,11/10/2021,41.92701157,-87.65778986,60614,LOGAN SQUARE
100947419,PERMIT - NEW CONSTRUCTION,11/9/2021,11/9/2021,41.8238513,-87.62428782,60653,KENWOOD
100947171,PERMIT - NEW CONSTRUCTION,11/9/2021,11/9/2021,41.80369566,-87.58661451,60615,GRAND BOULEVARD
100947593,PERMIT - NEW CONSTRUCTION,11/9/2021,11/9/2021,41.85323373,-87.64636415,60616,ARMOUR SQUARE
100916540,PERMIT - NEW CONSTRUCTION,11/9/2021,11/24/2021,41.88476169,-87.65898834,60607,LOOP
100947705,PERMIT - NEW CONSTRUCTION,11/9/2021,11/9/2021,41.90427858,-87.73633716,60651,HUMBOLDT PARK
100933832,PERMIT - NEW CONSTRUCTION,11/8/2021,11/8/2021,41.9488157,-87.67720699,60618,AVONDALE
100940427,PERMIT - NEW CONSTRUCTION,11/8/2021,11/8/2021,41.91928812,-87.80229043,60707,MONTCLARE
100936810,PERMIT - NEW CONSTRUCTION,11/8/2021,11/8/2021,41.95008771,-87.67849522,60613,
100940240,PERMIT - NEW CONSTRUCTION,11/8/2021,11/17/2021,41.95408643,-87.67570746,60613,
100947583,PERMIT - NEW CONSTRUCTION,11/8/2021,11/21/2021,41.92362832,-87.64156746,60614,LOGAN SQUARE
100944603,PERMIT - NEW CONSTRUCTION,11/4/2021,11/4/2021,41.88913511,-87.64905166,60661,WEST TOWN
100943569,PERMIT - NEW CONSTRUCTION,11/4/2021,11/4/2021,41.72816858,-87.54837072,60617,EAST SIDE
100946255,PERMIT - NEW CONSTRUCTION,11/4/2021,11/4/2021,41.88422161,-87.61933906,60601,LOOP
100944349,PERMIT - NEW CONSTRUCTION,11/4/2021,11/4/2021,41.93665835,-87.63700903,60657,LAKEVIEW
100938705,PERMIT - NEW CONSTRUCTION,11/4/2021,11/4/2021,41.94736157,-87.68206351,60618,AVONDALE
100943374,PERMIT - NEW CONSTRUCTION,11/4/2021,11/4/2021,41.88124146,-87.67428253,60612,NORTH LAWNDALE
100941210,PERMIT - NEW CONSTRUCTION,11/4/2021,11/4/2021,41.83078366,-87.63529578,60632,ARCHER HEIGHTS
100943750,PERMIT - NEW CONSTRUCTION,11/4/2021,11/4/2021,41.78792148,-87.59580626,60637,WOODLAWN
100945882,PERMIT - NEW CONSTRUCTION,11/4/2021,11/4/2021,41.78811943,-87.59652778,60637,WOODLAWN
100943882,PERMIT - NEW CONSTRUCTION,11/4/2021,11/4/2021,41.79042796,-87.78037224,60638,MIDWAY
100946252,PERMIT - NEW CONSTRUCTION,11/4/2021,11/4/2021,41.88422161,-87.61933906,60601,LOOP
100946624,PERMIT - NEW CONSTRUCTION,11/4/2021,11/4/2021,41.78962413,-87.59302611,60637,WOODLAWN
100934617,PERMIT - NEW CONSTRUCTION,11/4/2021,11/4/2021,41.89920147,-87.69389464,60651,HUMBOLDT PARK
100945885,PERMIT - NEW CONSTRUCTION,11/4/2021,11/4/2021,41.90919206,-87.67728291,60622,WEST TOWN
100943358,PERMIT - NEW CONSTRUCTION,11/4/2021,11/4/2021,41.70709514,-87.68919165,60655,BEVERLY
100944496,PERMIT - NEW CONSTRUCTION,11/4/2021,11/4/2021,41.78591394,-87.59622981,60637,WOODLAWN
100931400,PERMIT - NEW CONSTRUCTION,11/4/2021,11/4/2021,41.91125713,-87.67000561,60622,WEST TOWN
100946607,PERMIT - NEW CONSTRUCTION,11/4/2021,11/4/2021,41.89756507,-87.63705957,60610,WEST TOWN
100915803,PERMIT - NEW CONSTRUCTION,11/3/2021,11/3/2021,41.90200635,-87.67614959,60622,WEST TOWN
100938238,PERMIT - NEW CONSTRUCTION,11/3/2021,11/26/2021,41.93694475,-87.66222135,60657,LAKEVIEW
100938365,PERMIT - NEW CONSTRUCTION,11/3/2021,11/3/2021,41.95135903,-87.67528299,60613,
100944390,PERMIT - NEW CONSTRUCTION,11/2/2021,11/2/2021,41.86262829,-87.61503109,IL,
100943924,PERMIT - NEW CONSTRUCTION,11/2/2021,11/2/2021,41.86262829,-87.61503109,IL,
100943298,PERMIT - NEW CONSTRUCTION,11/2/2021,11/2/2021,41.94142629,-87.6907993,60618,AVONDALE
100946903,PERMIT - NEW CONSTRUCTION,11/2/2021,11/2/2021,41.95995019,-87.79409123,60634,BELMONT CRAGIN
100944402,PERMIT - NEW CONSTRUCTION,11/2/2021,11/2/2021,41.86262829,-87.61503109,IL,
100940647,PERMIT - NEW CONSTRUCTION,11/2/2021,11/2/2021,41.87935192,-87.69743253,60612,NORTH LAWNDALE
100917470,PERMIT - NEW CONSTRUCTION,11/2/2021,11/24/2021,41.88476169,-87.65898834,60607,LOOP
100946862,PERMIT - NEW CONSTRUCTION,11/2/2021,11/2/2021,41.88994129,-87.62887636,60654,LOOP
100944527,PERMIT - NEW CONSTRUCTION,11/1/2021,11/1/2021,41.91999335,-87.69282669,60647,LOGAN SQUARE
100915384,PERMIT - NEW CONSTRUCTION,11/1/2021,11/1/2021,41.99074444,-87.69955802,60659,NORTH PARK
100944559,PERMIT - NEW CONSTRUCTION,10/29/2021,10/29/2021,41.88422161,-87.61933906,60601,LOOP
100940914,PERMIT - NEW CONSTRUCTION,10/29/2021,10/29/2021,41.93012558,-87.65969257,60614,LOGAN SQUARE
100943215,PERMIT - NEW CONSTRUCTION,10/29/2021,10/29/2021,41.94544657,-87.65493058,60657,LAKEVIEW
100944551,PERMIT - NEW CONSTRUCTION,10/29/2021,10/29/2021,41.8833222,-87.6297751,60602,LOOP
100944445,PERMIT - NEW CONSTRUCTION,10/29/2021,10/29/2021,41.9218635,-87.65259156,60614,LOGAN SQUARE
100944206,PERMIT - NEW CONSTRUCTION,10/29/2021,10/29/2021,41.88343797,-87.64872378,60607,LOOP
100944208,PERMIT - NEW CONSTRUCTION,10/29/2021,10/29/2021,41.90335951,-87.67339734,60651,HUMBOLDT PARK
100946177,PERMIT - NEW CONSTRUCTION,10/29/2021,10/29/2021,41.88422161,-87.61933906,60601,LOOP
100944540,PERMIT - NEW CONSTRUCTION,10/29/2021,10/29/2021,41.86262829,-87.61503109,IL,
100944549,PERMIT - NEW CONSTRUCTION,10/28/2021,10/28/2021,41.94898045,-87.64841717,60657,LAKEVIEW
100922943,PERMIT - NEW CONSTRUCTION,10/27/2021,11/8/2021,41.93987063,-87.64930456,60657,LAKEVIEW
100942523,PERMIT - NEW CONSTRUCTION,10/27/2021,11/9/2021,41.92567123,-87.69362956,60647,LOGAN SQUARE
100941413,PERMIT - NEW CONSTRUCTION,10/27/2021,10/27/2021,41.95201278,-87.68734106,60618,AVONDALE
100944323,PERMIT - NEW CONSTRUCTION,10/27/2021,10/27/2021,41.8833222,-87.6297751,60602,LOOP
100944266,PERMIT - NEW CONSTRUCTION,10/27/2021,10/27/2021,41.8833222,-87.6297751,60602,LOOP
100937156,PERMIT - NEW CONSTRUCTION,10/26/2021,10/26/2021,41.95696132,-87.69114559,60618,AVONDALE
100931756,PERMIT - NEW CONSTRUCTION,10/26/2021,10/27/2021,41.69267887,-87.60819321,60628,WASHINGTON HEIGHTS
100932723,PERMIT - NEW CONSTRUCTION,10/26/2021,10/26/2021,41.90565115,-87.65979889,60642,WEST TOWN
100921162,PERMIT - NEW CONSTRUCTION,10/26/2021,10/26/2021,41.91136885,-87.69320605,60647,LOGAN SQUARE
100939004,PERMIT - NEW CONSTRUCTION,10/25/2021,10/25/2021,41.91292472,-87.66882949,60622,WEST TOWN
100945197,PERMIT - NEW CONSTRUCTION,10/25/2021,10/26/2021,41.97540978,-87.70882184,60625,ALBANY PARK
100936950,PERMIT - NEW CONSTRUCTION,10/25/2021,10/25/2021,41.89340067,-87.67044711,60612,NORTH LAWNDALE
100939330,PERMIT - NEW CONSTRUCTION,10/25/2021,11/9/2021,41.96576829,-87.6575472,60640,EDGEWATER
100944535,PERMIT - NEW CONSTRUCTION,10/22/2021,10/22/2021,41.90679511,-87.66773167,60622,WEST TOWN
100936817,PERMIT - NEW CONSTRUCTION,10/22/2021,10/22/2021,41.93811243,-87.6598409,60618,AVONDALE
100941517,PERMIT - NEW CONSTRUCTION,10/22/2021,10/22/2021,41.91898305,-87.65354605,60614,LOGAN SQUARE
100944874,PERMIT - NEW CONSTRUCTION,10/22/2021,10/25/2021,41.70795286,-87.61994537,60628,WASHINGTON HEIGHTS
100940984,PERMIT - NEW CONSTRUCTION,10/21/2021,10/21/2021,41.78291833,-87.61071229,60637,WOODLAWN
100944958,PERMIT - NEW CONSTRUCTION,10/20/2021,10/20/2021,41.78428994,-87.68851192,60629,WEST ELSDON
100940855,PERMIT - NEW CONSTRUCTION,10/19/2021,11/8/2021,41.81416423,-87.63822012,60609,BRIDGEPORT
100944371,PERMIT - NEW CONSTRUCTION,10/18/2021,10/29/2021,41.89516997,-87.6730254,60622,WEST TOWN
100940168,PERMIT - NEW CONSTRUCTION,10/15/2021,10/15/2021,41.92700459,-87.65836519,60657,LAKEVIEW
100931488,PERMIT - NEW CONSTRUCTION,10/15/2021,10/15/2021,42.01548018,-87.70463717,60645,
100938190,PERMIT - NEW CONSTRUCTION,10/15/2021,10/15/2021,41.90310986,-87.68866201,60651,HUMBOLDT PARK
100940700,PERMIT - NEW CONSTRUCTION,10/15/2021,11/10/2021,42.00268826,-87.81024418,60631,NORWOOD PARK
100940581,PERMIT - NEW CONSTRUCTION,10/15/2021,11/19/2021,41.95341015,-87.68495539,60618,AVONDALE
100940641,PERMIT - NEW CONSTRUCTION,10/15/2021,10/21/2021,41.83105025,-87.68662555,60608,NORTH LAWNDALE
100943314,PERMIT - NEW CONSTRUCTION,10/15/2021,10/15/2021,41.88780829,-87.63753348,60654,LOOP
100943893,PERMIT - NEW CONSTRUCTION,10/14/2021,10/14/2021,41.9931329,-87.80011158,60631,NORWOOD PARK
100944039,PERMIT - NEW CONSTRUCTION,10/14/2021,10/15/2021,41.9388108,-87.64354229,60657,LAKEVIEW
100944047,PERMIT - NEW CONSTRUCTION,10/14/2021,10/26/2021,41.89038185,-87.63418484,60654,LOOP
100943836,PERMIT - NEW CONSTRUCTION,10/13/2021,10/13/2021,41.9006544,-87.6477972,60642,WEST TOWN
100940375,PERMIT - NEW CONSTRUCTION,10/13/2021,10/27/2021,41.82438154,-87.70058502,60632,ARCHER HEIGHTS
100940407,PERMIT - NEW CONSTRUCTION,10/13/2021,10/22/2021,41.82438004,-87.70066089,60632,ARCHER HEIGHTS
100935198,PERMIT - NEW CONSTRUCTION,10/13/2021,11/3/2021,41.77585262,-87.60475665,60637,WOODLAWN
100943453,PERMIT - NEW CONSTRUCTION,10/13/2021,10/13/2021,41.89953903,-87.623989,60611,
100932785,PERMIT - NEW CONSTRUCTION,10/13/2021,10/13/2021,41.92792213,-87.65758809,60614,LOGAN SQUARE
100935195,PERMIT - NEW CONSTRUCTION,10/13/2021,11/3/2021,41.77590902,-87.60475815,60637,WOODLAWN
100935199,PERMIT - NEW CONSTRUCTION,10/13/2021,11/3/2021,41.77574001,-87.60475375,60637,WOODLAWN
100933844,PERMIT - NEW CONSTRUCTION,10/13/2021,10/26/2021,41.91487416,-87.68307404,60647,LOGAN SQUARE
100931038,PERMIT - NEW CONSTRUCTION,10/13/2021,10/26/2021,41.91480675,-87.68296932,60647,LOGAN SQUARE
100939130,PERMIT - NEW CONSTRUCTION,10/13/2021,10/26/2021,41.95818724,-87.71442103,60625,ALBANY PARK
100939689,PERMIT - NEW CONSTRUCTION,10/13/2021,10/25/2021,41.84187519,-87.64041507,60616,ARMOUR SQUARE
100940282,PERMIT - NEW CONSTRUCTION,10/13/2021,10/26/2021,41.95005317,-87.70072039,60625,ALBANY PARK
100935193,PERMIT - NEW CONSTRUCTION,10/13/2021,11/3/2021,41.77596578,-87.60475965,60637,WOODLAWN
100940355,PERMIT - NEW CONSTRUCTION,10/12/2021,10/12/2021,41.91994429,-87.70373976,60647,LOGAN SQUARE
100938976,PERMIT - NEW CONSTRUCTION,10/12/2021,10/12/2021,41.94153042,-87.70538438,60625,ALBANY PARK
100943721,PERMIT - NEW CONSTRUCTION,10/12/2021,10/12/2021,41.85779292,-87.62546237,IL,
100934149,PERMIT - NEW CONSTRUCTION,10/12/2021,10/12/2021,41.84924285,-87.6238609,60616,ARMOUR SQUARE
100939832,PERMIT - NEW CONSTRUCTION,10/12/2021,10/12/2021,41.91563183,-87.64343548,60614,LOGAN SQUARE
100943477,PERMIT - NEW CONSTRUCTION,10/12/2021,10/12/2021,41.87673924,-87.65003622,60607,LOOP
100939686,PERMIT - NEW CONSTRUCTION,10/12/2021,11/9/2021,41.84187602,-87.64034196,60616,ARMOUR SQUARE
100938993,PERMIT - NEW CONSTRUCTION,10/11/2021,10/11/2021,41.94158696,-87.70538585,60625,ALBANY PARK
100943090,PERMIT - NEW CONSTRUCTION,10/8/2021,10/8/2021,41.85295968,-87.632152,60616,ARMOUR SQUARE
100943257,PERMIT - NEW CONSTRUCTION,10/8/2021,10/8/2021,41.86262829,-87.61503109,IL,
100935847,PERMIT - NEW CONSTRUCTION,10/8/2021,10/8/2021,41.82077549,-87.62167008,60653,KENWOOD
100943345,PERMIT - NEW CONSTRUCTION,10/8/2021,10/8/2021,41.99946965,-87.7032167,60645,
100943541,PERMIT - NEW CONSTRUCTION,10/8/2021,10/8/2021,41.93365615,-87.65374755,60657,LAKEVIEW
100938581,PERMIT - NEW CONSTRUCTION,10/8/2021,11/9/2021,42.0079301,-87.8085349,60631,NORWOOD PARK
100943551,PERMIT - NEW CONSTRUCTION,10/8/2021,10/8/2021,41.96370778,-87.65011398,60640,EDGEWATER
100943357,PERMIT - NEW CONSTRUCTION,10/8/2021,10/8/2021,41.88181246,-87.63102088,60603,LOOP
100931623,PERMIT - NEW CONSTRUCTION,10/8/2021,10/8/2021,41.94839378,-87.67844898,60613,
100941955,PERMIT - NEW CONSTRUCTION,10/7/2021,10/7/2021,41.67776039,-87.65366214,60827-6427,
100943356,PERMIT - NEW CONSTRUCTION,10/7/2021,10/7/2021,41.97511164,-87.71218266,60659,NORTH PARK
100942844,PERMIT - NEW CONSTRUCTION,10/7/2021,10/7/2021,41.85360329,-87.62398172,60616,ARMOUR SQUARE
100943322,PERMIT - NEW CONSTRUCTION,10/7/2021,10/7/2021,41.85996191,-87.63886501,60616,ARMOUR SQUARE
100943325,PERMIT - NEW CONSTRUCTION,10/7/2021,10/7/2021,41.8359761,-87.61154076,60653,KENWOOD
100942941,PERMIT - NEW CONSTRUCTION,10/7/2021,10/7/2021,41.94814844,-87.65710301,60613,
100938519,PERMIT - NEW CONSTRUCTION,10/6/2021,10/20/2021,41.81750007,-87.61245925,60653,KENWOOD
100939399,PERMIT - NEW CONSTRUCTION,10/6/2021,10/6/2021,41.93144711,-87.66246152,60614,LOGAN SQUARE
100942306,PERMIT - NEW CONSTRUCTION,10/6/2021,10/6/2021,41.96524258,-87.74411673,60630,FOREST GLEN
100937970,PERMIT - NEW CONSTRUCTION,10/6/2021,10/6/2021,41.83564548,-87.65822984,60608,NORTH LAWNDALE
100943023,PERMIT - NEW CONSTRUCTION,10/6/2021,10/6/2021,41.9908917,-87.67367523,60660,EDGEWATER
100938774,PERMIT - NEW CONSTRUCTION,10/4/2021,11/4/2021,41.80795534,-87.62265404,60653,KENWOOD
100938772,PERMIT - NEW CONSTRUCTION,10/4/2021,11/9/2021,41.80806836,-87.62265718,60653,KENWOOD
100941948,PERMIT - NEW CONSTRUCTION,10/1/2021,11/9/2021,41.92506715,-87.70110885,60647,LOGAN SQUARE
100936843,PERMIT - NEW CONSTRUCTION,10/1/2021,11/18/2021,41.79978034,-87.62407191,60637,WOODLAWN
100942324,PERMIT - NEW CONSTRUCTION,10/1/2021,10/1/2021,41.88449669,-87.64866551,60661,WEST TOWN
100932241,PERMIT - NEW CONSTRUCTION,10/1/2021,10/1/2021,41.97209508,-87.68186133,9020,
100925072,PERMIT - NEW CONSTRUCTION,10/1/2021,10/1/2021,41.97072267,-87.66934177,60640,EDGEWATER
100932249,PERMIT - NEW CONSTRUCTION,10/1/2021,10/1/2021,41.97198208,-87.68185814,60625,ALBANY PARK
100941952,PERMIT - NEW CONSTRUCTION,10/1/2021,10/1/2021,41.89245769,-87.62218801,60611,
100936699,PERMIT - NEW CONSTRUCTION,10/1/2021,10/1/2021,41.97699499,-87.77679363,60630,FOREST GLEN
100939571,PERMIT - NEW CONSTRUCTION,10/1/2021,10/1/2021,41.96951998,-87.66930986,60640,EDGEWATER
100937623,PERMIT - NEW CONSTRUCTION,10/1/2021,10/1/2021,41.89700757,-87.66868965,60622,WEST TOWN
100941922,PERMIT - NEW CONSTRUCTION,9/30/2021,10/14/2021,41.89488309,-87.63550308,60610,WEST TOWN
100939787,PERMIT - NEW CONSTRUCTION,9/30/2021,9/30/2021,41.91854077,-87.63599718,60614,LOGAN SQUARE
100937231,PERMIT - NEW CONSTRUCTION,9/30/2021,11/30/2021,41.91308756,-87.65916976,60642,WEST TOWN
100941951,PERMIT - NEW CONSTRUCTION,9/30/2021,9/30/2021,41.94740791,-87.64934263,60657,LAKEVIEW
100941891,PERMIT - NEW CONSTRUCTION,9/30/2021,9/30/2021,41.91762127,-87.71692852,60647,LOGAN SQUARE
100938844,PERMIT - NEW CONSTRUCTION,9/29/2021,9/29/2021,41.89565434,-87.62227998,60611,
100941354,PERMIT - NEW CONSTRUCTION,9/29/2021,9/29/2021,41.86327278,-87.65914247,60608,NORTH LAWNDALE
100941923,PERMIT - NEW CONSTRUCTION,9/29/2021,9/30/2021,41.95396536,-87.68425915,60625,ALBANY PARK
100940690,PERMIT - NEW CONSTRUCTION,9/29/2021,9/29/2021,41.97343171,-87.6889194,9020,
100940597,PERMIT - NEW CONSTRUCTION,9/29/2021,11/2/2021,41.89393134,-87.63049307,60610,WEST TOWN
100941766,PERMIT - NEW CONSTRUCTION,9/28/2021,9/28/2021,41.86262829,-87.61503109,IL,
100938771,PERMIT - NEW CONSTRUCTION,9/28/2021,9/28/2021,41.88158163,-87.63982439,60606,NEAR WEST SIDE
100907557,PERMIT - NEW CONSTRUCTION,9/28/2021,9/28/2021,41.68262817,-87.53996995,60617,EAST SIDE
100926233,PERMIT - NEW CONSTRUCTION,9/28/2021,9/28/2021,41.90648652,-87.69484698,60622,WEST TOWN
100938654,PERMIT - NEW CONSTRUCTION,9/28/2021,9/28/2021,41.91948003,-87.72432604,60647,LOGAN SQUARE
100932961,PERMIT - NEW CONSTRUCTION,9/28/2021,9/28/2021,41.83454736,-87.62799354,60616,ARMOUR SQUARE
100917755,PERMIT - NEW CONSTRUCTION,9/28/2021,10/21/2021,41.871922,-87.68993232,60624,HUMBOLDT PARK
100884883,PERMIT - NEW CONSTRUCTION,9/28/2021,9/30/2021,41.89680276,-87.64109007,60610,WEST TOWN
100940694,PERMIT - NEW CONSTRUCTION,9/28/2021,10/12/2021,41.92977326,-87.63939362,60614,LOGAN SQUARE
100917758,PERMIT - NEW CONSTRUCTION,9/28/2021,10/21/2021,41.87192155,-87.69001104,60624,HUMBOLDT PARK
100938777,PERMIT - NEW CONSTRUCTION,9/28/2021,9/28/2021,41.97178452,-87.68765498,60625,ALBANY PARK
100941530,PERMIT - NEW CONSTRUCTION,9/28/2021,9/28/2021,41.78811943,-87.59652778,60637,WOODLAWN
100940685,PERMIT - NEW CONSTRUCTION,9/27/2021,9/27/2021,41.91235702,-87.6484647,60614,LOGAN SQUARE
100941455,PERMIT - NEW CONSTRUCTION,9/27/2021,9/27/2021,41.79811009,-87.72805554,60629,WEST ELSDON
100941473,PERMIT - NEW CONSTRUCTION,9/27/2021,9/27/2021,42.00170362,-87.81468276,60631,NORWOOD PARK
100938517,PERMIT - NEW CONSTRUCTION,9/27/2021,11/30/2021,41.88476169,-87.65898834,60607,LOOP
100936859,PERMIT - NEW CONSTRUCTION,9/27/2021,10/15/2021,41.95293524,-87.67038702,60613,
100936842,PERMIT - NEW CONSTRUCTION,9/27/2021,10/4/2021,41.79983363,-87.62407321,60637,WOODLAWN
100940315,PERMIT - NEW CONSTRUCTION,9/27/2021,11/1/2021,41.80275763,-87.68412052,60643,WASHINGTON HEIGHTS
100912748,PERMIT - NEW CONSTRUCTION,9/27/2021,10/6/2021,41.94400253,-87.66863395,60613,
100936844,PERMIT - NEW CONSTRUCTION,9/27/2021,9/30/2021,41.79972705,-87.62407061,60637,WOODLAWN
100940697,PERMIT - NEW CONSTRUCTION,9/27/2021,9/27/2021,41.93963807,-87.6820306,60618,AVONDALE
100935388,PERMIT - NEW CONSTRUCTION,9/24/2021,9/24/2021,41.7937193,-87.62067384,60637,WOODLAWN
100937070,PERMIT - NEW CONSTRUCTION,9/24/2021,10/6/2021,41.94060817,-87.67735975,60657,LAKEVIEW
100938470,PERMIT - NEW CONSTRUCTION,9/24/2021,9/24/2021,41.81124879,-87.6203633,60653,KENWOOD
100939302,PERMIT - NEW CONSTRUCTION,9/24/2021,11/9/2021,41.77746508,-87.72990738,60629,WEST ELSDON
100936005,PERMIT - NEW CONSTRUCTION,9/24/2021,9/24/2021,41.97155727,-87.68764634,60625,ALBANY PARK
100939780,PERMIT - NEW CONSTRUCTION,9/24/2021,10/5/2021,41.8765621,-87.63353978,60604,LOOP
100936286,PERMIT - NEW CONSTRUCTION,9/24/2021,9/24/2021,41.93045668,-87.65878064,60657,LAKEVIEW
100931045,PERMIT - NEW CONSTRUCTION,9/24/2021,9/24/2021,41.94922687,-87.67028233,60613,
100939779,PERMIT - NEW CONSTRUCTION,9/24/2021,10/5/2021,41.9176515,-87.63576931,60610,WEST TOWN
100938475,PERMIT - NEW CONSTRUCTION,9/24/2021,9/24/2021,41.81125281,-87.62009028,60637,WOODLAWN
100917750,PERMIT - NEW CONSTRUCTION,9/23/2021,10/21/2021,41.8719235,-87.68977704,60624,HUMBOLDT PARK
100939269,PERMIT - NEW CONSTRUCTION,9/23/2021,9/23/2021,41.93990796,-87.66152184,60657,LAKEVIEW
100917741,PERMIT - NEW CONSTRUCTION,9/23/2021,10/21/2021,41.87192662,-87.68946639,60624,HUMBOLDT PARK
100917752,PERMIT - NEW CONSTRUCTION,9/23/2021,10/21/2021,41.87192275,-87.68985468,60624,HUMBOLDT PARK
100917746,PERMIT - NEW CONSTRUCTION,9/23/2021,10/21/2021,41.87192584,-87.68954403,60624,HUMBOLDT PARK
100917736,PERMIT - NEW CONSTRUCTION,9/23/2021,10/21/2021,41.87192951,-87.68923286,60624,HUMBOLDT PARK
100940683,PERMIT - NEW CONSTRUCTION,9/23/2021,9/23/2021,41.88422161,-87.61933906,60601,LOOP
100940402,PERMIT - NEW CONSTRUCTION,9/23/2021,10/13/2021,41.87459734,-87.67632558,60612,NORTH LAWNDALE
100936585,PERMIT - NEW CONSTRUCTION,9/23/2021,10/5/2021,41.84612925,-87.65440559,60608,NORTH LAWNDALE
100939282,PERMIT - NEW CONSTRUCTION,9/23/2021,9/23/2021,41.92489473,-87.65344759,60614,LOGAN SQUARE
100930227,PERMIT - NEW CONSTRUCTION,9/23/2021,9/23/2021,41.79378726,-87.62067566,60637,WOODLAWN
100917738,PERMIT - NEW CONSTRUCTION,9/23/2021,10/21/2021,41.87192745,-87.68938813,60624,HUMBOLDT PARK
100917749,PERMIT - NEW CONSTRUCTION,9/23/2021,10/21/2021,41.87192505,-87.68962167,60624,HUMBOLDT PARK
100939300,PERMIT - NEW CONSTRUCTION,9/22/2021,9/22/2021,41.88422161,-87.61933906,60601,LOOP
100936233,PERMIT - NEW CONSTRUCTION,9/22/2021,9/22/2021,41.91901848,-87.67536273,60614,LOGAN SQUARE
100934603,PERMIT - NEW CONSTRUCTION,9/22/2021,11/18/2021,41.8193972,-87.61828317,60653,KENWOOD
100911506,PERMIT - NEW CONSTRUCTION,9/22/2021,9/22/2021,41.96666821,-87.66688228,60640,EDGEWATER
100940825,PERMIT - NEW CONSTRUCTION,9/22/2021,9/22/2021,41.77866211,-87.57939999,60649,SOUTH CHICAGO
100940915,PERMIT - NEW CONSTRUCTION,9/22/2021,9/22/2021,41.88422161,-87.61933906,60601,LOOP
100924659,PERMIT - NEW CONSTRUCTION,9/22/2021,10/26/2021,41.81272485,-87.6230742,60653,KENWOOD
100939777,PERMIT - NEW CONSTRUCTION,9/22/2021,9/22/2021,41.99294944,-87.74848,60646,FOREST GLEN
100936117,PERMIT - NEW CONSTRUCTION,9/22/2021,9/22/2021,41.88807428,-87.6349552,60654,LOOP
100911495,PERMIT - NEW CONSTRUCTION,9/22/2021,9/22/2021,41.96661213,-87.66687038,60640,EDGEWATER
100939781,PERMIT - NEW CONSTRUCTION,9/22/2021,9/22/2021,41.87813818,-87.637065,60606,NEAR WEST SIDE
100935185,PERMIT - NEW CONSTRUCTION,9/22/2021,9/22/2021,41.94519703,-87.65999234,60657,LAKEVIEW
100940775,PERMIT - NEW CONSTRUCTION,9/22/2021,9/22/2021,41.90661858,-87.70150146,60622,WEST TOWN
100940664,PERMIT - NEW CONSTRUCTION,9/21/2021,9/21/2021,41.91983669,-87.63624578,60614,LOGAN SQUARE
100917547,PERMIT - NEW CONSTRUCTION,9/21/2021,10/21/2021,41.87193595,-87.68869013,60612,NORTH LAWNDALE
100917729,PERMIT - NEW CONSTRUCTION,9/21/2021,10/21/2021,41.87193051,-87.68915533,60624,HUMBOLDT PARK
100939363,PERMIT - NEW CONSTRUCTION,9/21/2021,10/5/2021,41.90623661,-87.67121335,60622,WEST TOWN
100917548,PERMIT - NEW CONSTRUCTION,9/21/2021,10/21/2021,41.87193521,-87.68876777,60624,HUMBOLDT PARK
100917593,PERMIT - NEW CONSTRUCTION,9/21/2021,10/21/2021,41.87193249,-87.68900006,60612,NORTH LAWNDALE
100917687,PERMIT - NEW CONSTRUCTION,9/21/2021,10/21/2021,41.8719315,-87.6890777,60612,NORTH LAWNDALE
100933071,PERMIT - NEW CONSTRUCTION,9/21/2021,9/21/2021,41.94939664,-87.66301662,60613,
100940624,PERMIT - NEW CONSTRUCTION,9/21/2021,9/21/2021,41.98215487,-87.66834973,60640,EDGEWATER
100940818,PERMIT - NEW CONSTRUCTION,9/21/2021,9/21/2021,41.78585734,-87.59737852,60637,WOODLAWN
100917587,PERMIT - NEW CONSTRUCTION,9/21/2021,10/21/2021,41.87193447,-87.68884479,60612,NORTH LAWNDALE
100924981,PERMIT - NEW CONSTRUCTION,9/20/2021,9/20/2021,41.91541756,-87.63857985,60614,LOGAN SQUARE
100934515,PERMIT - NEW CONSTRUCTION,9/20/2021,11/3/2021,41.88502582,-87.65460592,60622,WEST TOWN
100939361,PERMIT - NEW CONSTRUCTION,9/20/2021,9/28/2021,41.89995337,-87.62083443,60611,
100938796,PERMIT - NEW CONSTRUCTION,9/20/2021,9/20/2021,41.99016989,-87.71749465,60659,NORTH PARK
100929706,PERMIT - NEW CONSTRUCTION,9/20/2021,9/20/2021,41.89128817,-87.68534223,60612,NORTH LAWNDALE
100936836,PERMIT - NEW CONSTRUCTION,9/20/2021,9/28/2021,41.78994306,-87.59627578,60637,WOODLAWN
100937991,PERMIT - NEW CONSTRUCTION,9/20/2021,9/20/2021,41.88200786,-87.6382454,60606,NEAR WEST SIDE
100937065,PERMIT - NEW CONSTRUCTION,9/20/2021,9/20/2021,41.85671521,-87.67024307,60608,NORTH LAWNDALE
100938792,PERMIT - NEW CONSTRUCTION,9/17/2021,9/17/2021,41.91812181,-87.65836933,60657,LAKEVIEW
100938157,PERMIT - NEW CONSTRUCTION,9/17/2021,9/17/2021,41.89243235,-87.67370499,60612,NORTH LAWNDALE
100940225,PERMIT - NEW CONSTRUCTION,9/17/2021,9/17/2021,41.97562674,-87.70967561,60625,ALBANY PARK
100939774,PERMIT - NEW CONSTRUCTION,9/17/2021,9/17/2021,41.9074433,-87.72630022,60651,HUMBOLDT PARK
100938483,PERMIT - NEW CONSTRUCTION,9/17/2021,9/17/2021,41.97167106,-87.6876505,60625,ALBANY PARK
100940197,PERMIT - NEW CONSTRUCTION,9/17/2021,9/17/2021,41.96192072,-87.64590953,60613,
100919271,PERMIT - NEW CONSTRUCTION,9/17/2021,9/17/2021,41.90208169,-87.68093099,60622,WEST TOWN
100938795,PERMIT - NEW CONSTRUCTION,9/17/2021,9/17/2021,41.98461372,-87.70056525,60659,NORTH PARK
100938791,PERMIT - NEW CONSTRUCTION,9/16/2021,11/11/2021,41.87578549,-87.62670643,60605,NEAR SOUTH SIDE
100926963,PERMIT - NEW CONSTRUCTION,9/16/2021,9/16/2021,41.9454153,-87.66007391,60657,LAKEVIEW
100938789,PERMIT - NEW CONSTRUCTION,9/16/2021,9/16/2021,41.84933387,-87.62685853,60616,ARMOUR SQUARE
100939783,PERMIT - NEW CONSTRUCTION,9/16/2021,9/16/2021,41.83510035,-87.62876125,60616,ARMOUR SQUARE
100930649,PERMIT - NEW CONSTRUCTION,9/16/2021,10/12/2021,41.77702173,-87.60052431,60637,WOODLAWN
100940112,PERMIT - NEW CONSTRUCTION,9/16/2021,9/16/2021,41.78954209,-87.60111507,60637,WOODLAWN
100937953,PERMIT - NEW CONSTRUCTION,9/16/2021,11/9/2021,41.97507922,-87.67952139,60625,ALBANY PARK
100926013,PERMIT - NEW CONSTRUCTION,9/16/2021,11/19/2021,41.97607342,-87.68409452,9020,
100937938,PERMIT - NEW CONSTRUCTION,9/16/2021,9/16/2021,41.78261318,-87.73860937,60629,WEST ELSDON
100938787,PERMIT - NEW CONSTRUCTION,9/15/2021,9/15/2021,41.87237512,-87.63951152,60607,LOOP
100887902,PERMIT - NEW CONSTRUCTION,9/15/2021,9/15/2021,41.96132513,-87.70401385,60625,ALBANY PARK
100936839,PERMIT - NEW CONSTRUCTION,9/15/2021,9/15/2021,41.97458951,-87.65161345,60640,EDGEWATER
100939760,PERMIT - NEW CONSTRUCTION,9/15/2021,9/15/2021,41.94359255,-87.66377505,60613,
100935304,PERMIT - NEW CONSTRUCTION,9/15/2021,9/24/2021,41.94837069,-87.70679277,60625,ALBANY PARK
100935710,PERMIT - NEW CONSTRUCTION,9/15/2021,9/15/2021,41.90407079,-87.6274976,60651,HUMBOLDT PARK
100939374,PERMIT - NEW CONSTRUCTION,9/14/2021,9/14/2021,41.85692162,-87.67122476,60608,NORTH LAWNDALE
100934778,PERMIT - NEW CONSTRUCTION,9/14/2021,9/14/2021,41.91851374,-87.68380061,60647,LOGAN SQUARE
100938786,PERMIT - NEW CONSTRUCTION,9/14/2021,9/14/2021,41.88539005,-87.61898671,60601,LOOP
100938770,PERMIT - NEW CONSTRUCTION,9/14/2021,9/14/2021,41.85902226,-87.72066306,60623,SOUTH LAWNDALE
100939491,PERMIT - NEW CONSTRUCTION,9/14/2021,9/14/2021,41.95532325,-87.74970723,60641,AVONDALE
100936418,PERMIT - NEW CONSTRUCTION,9/14/2021,10/28/2021,41.95340188,-87.73977482,60641,AVONDALE
100934762,PERMIT - NEW CONSTRUCTION,9/14/2021,9/14/2021,41.9127294,-87.76944064,60639,LOGAN SQUARE
100939558,PERMIT - NEW CONSTRUCTION,9/14/2021,9/14/2021,41.77986317,-87.64452788,60621,WASHINGTON PARK
100935680,PERMIT - NEW CONSTRUCTION,9/13/2021,11/4/2021,41.77417099,-87.60228837,60637,WOODLAWN
100934374,PERMIT - NEW CONSTRUCTION,9/13/2021,9/13/2021,41.93899382,-87.74269899,60641,AVONDALE
100934785,PERMIT - NEW CONSTRUCTION,9/13/2021,9/13/2021,41.90262318,-87.68686934,60622,WEST TOWN
100931571,PERMIT - NEW CONSTRUCTION,9/13/2021,9/13/2021,41.85325243,-87.67223336,60608,NORTH LAWNDALE
100938764,PERMIT - NEW CONSTRUCTION,9/13/2021,9/13/2021,41.96403525,-87.72316496,60625,ALBANY PARK
100939458,PERMIT - NEW CONSTRUCTION,9/13/2021,9/13/2021,41.86262829,-87.61503109,IL,
100933157,PERMIT - NEW CONSTRUCTION,9/13/2021,9/13/2021,41.94214861,-87.73944356,60641,AVONDALE
100938768,PERMIT - NEW CONSTRUCTION,9/13/2021,9/13/2021,41.82290909,-87.60242364,60615,GRAND BOULEVARD
100939358,PERMIT - NEW CONSTRUCTION,9/13/2021,9/15/2021,41.78936441,-87.5962627,60637,WOODLAWN
100928815,PERMIT - NEW CONSTRUCTION,9/13/2021,9/13/2021,41.94248979,-87.67246334,60613,
100939129,PERMIT - NEW CONSTRUCTION,9/10/2021,9/10/2021,41.87289177,-87.63373989,60605,NEAR SOUTH SIDE
100938763,PERMIT - NEW CONSTRUCTION,9/10/2021,9/10/2021,nan,nan,,
100934792,PERMIT - NEW CONSTRUCTION,9/10/2021,9/10/2021,41.96854565,-87.7101506,60625,ALBANY PARK
100936822,PERMIT - NEW CONSTRUCTION,9/10/2021,9/10/2021,41.88674913,-87.74948724,60644,AUSTIN
100936967,PERMIT - NEW CONSTRUCTION,9/10/2021,9/10/2021,41.78318438,-87.59485251,60637,WOODLAWN
100934007,PERMIT - NEW CONSTRUCTION,9/10/2021,9/30/2021,41.82775732,-87.68637509,60632,ARCHER HEIGHTS
100931132,PERMIT - NEW CONSTRUCTION,9/10/2021,9/10/2021,41.94731749,-87.65641795,60613,
100899896,PERMIT - NEW CONSTRUCTION,9/10/2021,9/10/2021,41.96132568,-87.70384475,60625,ALBANY PARK
100935731,PERMIT - NEW CONSTRUCTION,9/10/2021,9/10/2021,41.862904,-87.70186655,60623,SOUTH LAWNDALE
100931140,PERMIT - NEW CONSTRUCTION,9/10/2021,9/10/2021,41.94731749,-87.65641795,60613,
100934390,PERMIT - NEW CONSTRUCTION,9/9/2021,9/9/2021,41.85548818,-87.69146035,60608,NORTH LAWNDALE
100938982,PERMIT - NEW CONSTRUCTION,9/9/2021,9/9/2021,41.86262829,-87.61503109,IL,
100934889,PERMIT - NEW CONSTRUCTION,9/9/2021,10/22/2021,41.91714574,-87.64592151,60614,LOGAN SQUARE
100930842,PERMIT - NEW CONSTRUCTION,9/9/2021,9/9/2021,41.97582954,-87.68584904,9020,
100935152,PERMIT - NEW CONSTRUCTION,9/9/2021,9/30/2021,41.83196171,-87.68629194,60608,NORTH LAWNDALE
100937566,PERMIT - NEW CONSTRUCTION,9/9/2021,9/9/2021,41.69430252,-87.60935357,60628,WASHINGTON HEIGHTS
100913188,PERMIT - NEW CONSTRUCTION,9/9/2021,10/1/2021,41.78602978,-87.58644522,60649,SOUTH CHICAGO
100935700,PERMIT - NEW CONSTRUCTION,9/9/2021,9/9/2021,41.70307215,-87.6535716,60643,WASHINGTON HEIGHTS
100918242,PERMIT - NEW CONSTRUCTION,9/9/2021,9/30/2021,41.88655488,-87.61560822,60601,LOOP
100931978,PERMIT - NEW CONSTRUCTION,9/8/2021,9/8/2021,41.80440389,-87.66986757,60636,ENGLEWOOD
100934360,PERMIT - NEW CONSTRUCTION,9/8/2021,9/8/2021,41.69185017,-87.68631995,60655,BEVERLY
100934324,PERMIT - NEW CONSTRUCTION,9/8/2021,9/8/2021,41.80745397,-87.74773344,60638,MIDWAY
100937766,PERMIT - NEW CONSTRUCTION,9/8/2021,9/8/2021,41.88471128,-87.66428183,60607,LOOP
100934841,PERMIT - NEW CONSTRUCTION,9/8/2021,9/20/2021,41.84972673,-87.62716087,60616,ARMOUR SQUARE
100938797,PERMIT - NEW CONSTRUCTION,9/8/2021,9/8/2021,41.79131714,-87.59830762,60637,WOODLAWN
100934561,PERMIT - NEW CONSTRUCTION,9/8/2021,11/2/2021,41.92229633,-87.68282265,60647,LOGAN SQUARE
100938799,PERMIT - NEW CONSTRUCTION,9/8/2021,9/8/2021,41.88426637,-87.64927147,60607,LOOP
100938776,PERMIT - NEW CONSTRUCTION,9/8/2021,9/8/2021,41.78954209,-87.60111507,60637,WOODLAWN
100934538,PERMIT - NEW CONSTRUCTION,9/8/2021,9/8/2021,41.89483395,-87.69647216,60612,NORTH LAWNDALE
100938741,PERMIT - NEW CONSTRUCTION,9/8/2021,9/8/2021,41.93101115,-87.65395063,60657,LAKEVIEW
100938095,PERMIT - NEW CONSTRUCTION,9/8/2021,9/8/2021,41.8500719,-87.68796301,60623,SOUTH LAWNDALE
100937619,PERMIT - NEW CONSTRUCTION,9/7/2021,9/7/2021,41.92379123,-87.66312547,60613,
100937616,PERMIT - NEW CONSTRUCTION,9/7/2021,9/9/2021,41.86262829,-87.61503109,IL,
100927417,PERMIT - NEW CONSTRUCTION,9/7/2021,9/7/2021,41.87808093,-87.64529985,60661,WEST TOWN
100937547,PERMIT - NEW CONSTRUCTION,9/7/2021,9/7/2021,41.88471128,-87.66428183,60607,LOOP
100937775,PERMIT - NEW CONSTRUCTION,9/7/2021,9/7/2021,41.862904,-87.70186655,60623,SOUTH LAWNDALE
100922492,PERMIT - NEW CONSTRUCTION,9/7/2021,9/7/2021,41.9779395,-87.66374706,60640,EDGEWATER
100938200,PERMIT - NEW CONSTRUCTION,9/7/2021,9/7/2021,41.91405777,-87.63196835,60610,WEST TOWN
100938145,PERMIT - NEW CONSTRUCTION,9/2/2021,9/2/2021,41.96684845,-87.6889984,9020,
100931341,PERMIT - NEW CONSTRUCTION,9/2/2021,9/2/2021,41.77684035,-87.61057542,60637,WOODLAWN
100938188,PERMIT - NEW CONSTRUCTION,9/2/2021,9/2/2021,41.97562674,-87.70967561,60625,ALBANY PARK
100938115,PERMIT - NEW CONSTRUCTION,9/2/2021,9/2/2021,41.96684845,-87.6889984,9020,
100938003,PERMIT - NEW CONSTRUCTION,9/2/2021,9/2/2021,41.862904,-87.70186655,60623,SOUTH LAWNDALE
100937607,PERMIT - NEW CONSTRUCTION,9/2/2021,9/2/2021,41.97974794,-87.68153895,9020,
100938227,PERMIT - NEW CONSTRUCTION,9/2/2021,9/2/2021,41.87306123,-87.62977165,60605,NEAR SOUTH SIDE
100889947,PERMIT - NEW CONSTRUCTION,9/2/2021,9/13/2021,41.88470676,-87.65313619,60661,WEST TOWN
100938216,PERMIT - NEW CONSTRUCTION,9/2/2021,9/2/2021,41.79354153,-87.59989314,60637,WOODLAWN
100936664,PERMIT - NEW CONSTRUCTION,9/1/2021,9/1/2021,41.88471128,-87.66428183,60607,LOOP
100937767,PERMIT - NEW CONSTRUCTION,8/31/2021,8/31/2021,41.862904,-87.70186655,60623,SOUTH LAWNDALE
100862598,PERMIT - NEW CONSTRUCTION,8/31/2021,11/4/2021,41.90777372,-87.76570827,60630,FOREST GLEN
100933043,PERMIT - NEW CONSTRUCTION,8/31/2021,8/31/2021,41.95135703,-87.67542792,60613,
100935730,PERMIT - NEW CONSTRUCTION,8/31/2021,8/31/2021,41.862904,-87.70186655,60623,SOUTH LAWNDALE
100937543,PERMIT - NEW CONSTRUCTION,8/31/2021,8/31/2021,41.85692162,-87.67122476,60608,NORTH LAWNDALE
100937443,PERMIT - NEW CONSTRUCTION,8/31/2021,8/31/2021,41.88471128,-87.66428183,60607,LOOP
100935732,PERMIT - NEW CONSTRUCTION,8/31/2021,8/31/2021,41.862904,-87.70186655,60623,SOUTH LAWNDALE
100937355,PERMIT - NEW CONSTRUCTION,8/31/2021,8/31/2021,41.88471128,-87.66428183,60607,LOOP
100937343,PERMIT - NEW CONSTRUCTION,8/31/2021,8/31/2021,41.85692162,-87.67122476,60608,NORTH LAWNDALE
100934743,PERMIT - NEW CONSTRUCTION,8/31/2021,8/31/2021,41.74488133,-87.55018715,60617,EAST SIDE
100937314,PERMIT - NEW CONSTRUCTION,8/30/2021,8/30/2021,41.90287692,-87.69018293,60651,HUMBOLDT PARK
100928600,PERMIT - NEW CONSTRUCTION,8/30/2021,8/30/2021,41.94135469,-87.65915898,60657,LAKEVIEW
100935594,PERMIT - NEW CONSTRUCTION,8/30/2021,8/30/2021,41.91890589,-87.6753597,60614,LOGAN SQUARE
100933940,PERMIT - NEW CONSTRUCTION,8/30/2021,11/4/2021,41.8048065,-87.61271025,60615,GRAND BOULEVARD
100937527,PERMIT - NEW CONSTRUCTION,8/30/2021,8/30/2021,41.862904,-87.70186655,60623,SOUTH LAWNDALE
100936801,PERMIT - NEW CONSTRUCTION,8/30/2021,8/30/2021,41.88422161,-87.61933906,60601,LOOP
100935490,PERMIT - NEW CONSTRUCTION,8/30/2021,8/30/2021,41.9187933,-87.67535666,60614,LOGAN SQUARE
100935583,PERMIT - NEW CONSTRUCTION,8/30/2021,8/30/2021,41.9188496,-87.67535818,60614,LOGAN SQUARE
100936781,PERMIT - NEW CONSTRUCTION,8/27/2021,8/27/2021,41.77966134,-87.64463774,60621,WASHINGTON PARK
100936345,PERMIT - NEW CONSTRUCTION,8/27/2021,9/9/2021,41.95347834,-87.65408289,60613,
100937160,PERMIT - NEW CONSTRUCTION,8/27/2021,8/27/2021,41.85692162,-87.67122476,60608,NORTH LAWNDALE
100936185,PERMIT - NEW CONSTRUCTION,8/27/2021,8/27/2021,41.94731749,-87.65641795,60613,
100931143,PERMIT - NEW CONSTRUCTION,8/27/2021,8/27/2021,41.94731749,-87.65641795,60613,
100934553,PERMIT - NEW CONSTRUCTION,8/27/2021,8/27/2021,41.84543207,-87.65405658,60608,NORTH LAWNDALE
100936634,PERMIT - NEW CONSTRUCTION,8/27/2021,8/27/2021,41.87061128,-87.62068379,60605,NEAR SOUTH SIDE
100933981,PERMIT - NEW CONSTRUCTION,8/27/2021,9/23/2021,41.89958208,-87.71781791,60651,HUMBOLDT PARK
100934549,PERMIT - NEW CONSTRUCTION,8/27/2021,8/27/2021,41.84551581,-87.65412572,60608,NORTH LAWNDALE
100934556,PERMIT - NEW CONSTRUCTION,8/27/2021,8/27/2021,41.8453902,-87.65402202,60608,NORTH LAWNDALE
100923403,PERMIT - NEW CONSTRUCTION,8/26/2021,9/21/2021,41.97037751,-87.77177101,60630,FOREST GLEN
100935729,PERMIT - NEW CONSTRUCTION,8/26/2021,8/26/2021,41.862904,-87.70186655,60623,SOUTH LAWNDALE
100937117,PERMIT - NEW CONSTRUCTION,8/26/2021,8/26/2021,41.86262829,-87.61503109,IL,
100936834,PERMIT - NEW CONSTRUCTION,8/26/2021,9/9/2021,41.94952795,-87.68605496,60618,AVONDALE
100937144,PERMIT - NEW CONSTRUCTION,8/26/2021,8/26/2021,42.01888786,-87.68472175,60645,
100937118,PERMIT - NEW CONSTRUCTION,8/26/2021,8/26/2021,41.85600113,-87.6579887,60608,NORTH LAWNDALE
100922057,PERMIT - NEW CONSTRUCTION,8/26/2021,8/26/2021,41.9101802,-87.6358195,60610,WEST TOWN
100929413,PERMIT - NEW CONSTRUCTION,8/26/2021,8/26/2021,41.91470639,-87.68016152,60647,LOGAN SQUARE
100934500,PERMIT - NEW CONSTRUCTION,8/25/2021,9/3/2021,41.888006,-87.65206064,60622,WEST TOWN
100936751,PERMIT - NEW CONSTRUCTION,8/25/2021,8/25/2021,41.96042258,-87.76312416,60630,FOREST GLEN
100931614,PERMIT - NEW CONSTRUCTION,8/25/2021,8/25/2021,41.97184126,-87.68765722,60625,ALBANY PARK
100936677,PERMIT - NEW CONSTRUCTION,8/25/2021,8/25/2021,41.88804059,-87.62817066,60601,LOOP
100924097,PERMIT - NEW CONSTRUCTION,8/25/2021,8/25/2021,41.92367952,-87.63825144,60614,LOGAN SQUARE
100934859,PERMIT - NEW CONSTRUCTION,8/25/2021,8/25/2021,41.98428346,-87.74212371,60646,FOREST GLEN
100936812,PERMIT - NEW CONSTRUCTION,8/25/2021,8/25/2021,41.83203762,-87.71704965,60623,SOUTH LAWNDALE
100936829,PERMIT - NEW CONSTRUCTION,8/25/2021,8/25/2021,41.87703567,-87.64706623,60661,WEST TOWN
100934902,PERMIT - NEW CONSTRUCTION,8/24/2021,9/9/2021,41.77649881,-87.60233903,60637,WOODLAWN
100936653,PERMIT - NEW CONSTRUCTION,8/24/2021,8/24/2021,41.88417458,-87.67686443,60625,ALBANY PARK
100936647,PERMIT - NEW CONSTRUCTION,8/24/2021,8/24/2021,41.75821098,-87.61160821,60619,AVALON PARK
100936643,PERMIT - NEW CONSTRUCTION,8/24/2021,9/9/2021,41.79944187,-87.58809839,60615,GRAND BOULEVARD
100936573,PERMIT - NEW CONSTRUCTION,8/24/2021,9/9/2021,41.86915731,-87.69335871,60612,NORTH LAWNDALE
100923813,PERMIT - NEW CONSTRUCTION,8/24/2021,8/24/2021,41.82261309,-87.71072618,60632,ARCHER HEIGHTS
100935155,PERMIT - NEW CONSTRUCTION,8/24/2021,9/21/2021,41.78429537,-87.59440556,60637,WOODLAWN
100936314,PERMIT - NEW CONSTRUCTION,8/23/2021,8/23/2021,41.75802334,-87.54950094,60649,SOUTH CHICAGO
100934376,PERMIT - NEW CONSTRUCTION,8/23/2021,9/13/2021,41.9638475,-87.69430244,60625,ALBANY PARK
100930513,PERMIT - NEW CONSTRUCTION,8/23/2021,8/23/2021,41.67485691,-87.64081337,60628,WASHINGTON HEIGHTS
100936575,PERMIT - NEW CONSTRUCTION,8/23/2021,8/23/2021,41.93968119,-87.67847877,60613,
100930510,PERMIT - NEW CONSTRUCTION,8/23/2021,8/23/2021,41.67491448,-87.64081506,60628,WASHINGTON HEIGHTS
100931416,PERMIT - NEW CONSTRUCTION,8/23/2021,11/1/2021,41.9431163,-87.6977824,60625,ALBANY PARK
100927985,PERMIT - NEW CONSTRUCTION,8/20/2021,8/20/2021,41.91988304,-87.6499341,60614,LOGAN SQUARE
100932177,PERMIT - NEW CONSTRUCTION,8/20/2021,8/20/2021,41.98480395,-87.66999923,60660,EDGEWATER
100933546,PERMIT - NEW CONSTRUCTION,8/19/2021,9/29/2021,41.92575664,-87.66561267,60613,
100933327,PERMIT - NEW CONSTRUCTION,8/18/2021,8/18/2021,41.98304467,-87.82800415,60631,NORWOOD PARK
100935896,PERMIT - NEW CONSTRUCTION,8/18/2021,8/18/2021,41.86780306,-87.71044099,60623,SOUTH LAWNDALE
100934560,PERMIT - NEW CONSTRUCTION,8/18/2021,8/18/2021,41.96923943,-87.67934602,60625,ALBANY PARK
100926946,PERMIT - NEW CONSTRUCTION,8/17/2021,8/17/2021,41.79142028,-87.58014777,60637,WOODLAWN
100932947,PERMIT - NEW CONSTRUCTION,8/17/2021,9/8/2021,41.92728515,-87.65469743,60614,LOGAN SQUARE
100932344,PERMIT - NEW CONSTRUCTION,8/17/2021,9/8/2021,41.96788412,-87.68347614,60625,ALBANY PARK
100930063,PERMIT - NEW CONSTRUCTION,8/16/2021,8/16/2021,41.86631006,-87.61027015,60605,NEAR SOUTH SIDE
100934197,PERMIT - NEW CONSTRUCTION,8/16/2021,8/16/2021,42.0077655,-87.66777446,60626,
100934674,PERMIT - NEW CONSTRUCTION,8/16/2021,8/31/2021,41.96678277,-87.6880077,60625,ALBANY PARK
100933714,PERMIT - NEW CONSTRUCTION,8/16/2021,8/16/2021,41.9872421,-87.70035944,60659,NORTH PARK
100934188,PERMIT - NEW CONSTRUCTION,8/16/2021,8/16/2021,41.88471128,-87.66428183,60607,LOOP
100934739,PERMIT - NEW CONSTRUCTION,8/16/2021,8/31/2021,41.96510649,-87.68641071,9020,
100928456,PERMIT - NEW CONSTRUCTION,8/13/2021,8/13/2021,41.90150761,-87.7104334,60651,HUMBOLDT PARK
100935300,PERMIT - NEW CONSTRUCTION,8/13/2021,8/13/2021,41.88997769,-87.63122708,60654,LOOP
100934388,PERMIT - NEW CONSTRUCTION,8/13/2021,8/13/2021,41.81560749,-87.68447932,60632,ARCHER HEIGHTS
100934344,PERMIT - NEW CONSTRUCTION,8/13/2021,8/13/2021,41.862904,-87.70186655,60623,SOUTH LAWNDALE
100931913,PERMIT - NEW CONSTRUCTION,8/12/2021,11/3/2021,41.77939596,-87.6073166,60637,WOODLAWN
100920423,PERMIT - NEW CONSTRUCTION,8/12/2021,9/21/2021,41.79849859,-87.75772748,60638,MIDWAY
100934195,PERMIT - NEW CONSTRUCTION,8/12/2021,8/12/2021,41.845007,-87.68040358,60608,NORTH LAWNDALE
100926129,PERMIT - NEW CONSTRUCTION,8/11/2021,8/27/2021,41.88495976,-87.6499356,60607,LOOP
100915340,PERMIT - NEW CONSTRUCTION,8/11/2021,8/11/2021,41.9726174,-87.73693626,60630,FOREST GLEN
100933702,PERMIT - NEW CONSTRUCTION,8/11/2021,8/11/2021,41.89716521,-87.62432612,nan,
100929322,PERMIT - NEW CONSTRUCTION,8/11/2021,8/11/2021,41.91987284,-87.7051414,60647,LOGAN SQUARE
100917588,PERMIT - NEW CONSTRUCTION,8/10/2021,10/29/2021,41.87459734,-87.67632558,60612,NORTH LAWNDALE
100934623,PERMIT - NEW CONSTRUCTION,8/10/2021,8/10/2021,41.862904,-87.70186655,60623,SOUTH LAWNDALE
100927233,PERMIT - NEW CONSTRUCTION,8/10/2021,10/13/2021,41.93452441,-87.72446277,60618,AVONDALE
100934513,PERMIT - NEW CONSTRUCTION,8/10/2021,8/10/2021,41.911372,-87.6262454,60611,
100934024,PERMIT - NEW CONSTRUCTION,8/10/2021,8/10/2021,41.93739495,-87.69273769,60618,AVONDALE
100934055,PERMIT - NEW CONSTRUCTION,8/10/2021,8/10/2021,41.88416738,-87.62225004,60601,LOOP
100934808,PERMIT - NEW CONSTRUCTION,8/10/2021,8/13/2021,41.80204982,-87.61192836,90615,
100927220,PERMIT - NEW CONSTRUCTION,8/10/2021,8/10/2021,41.97263048,-87.65757083,60640,EDGEWATER
100934332,PERMIT - NEW CONSTRUCTION,8/10/2021,8/10/2021,41.862904,-87.70186655,60623,SOUTH LAWNDALE
100934663,PERMIT - NEW CONSTRUCTION,8/10/2021,8/10/2021,41.94332514,-87.67851443,60613,
100934598,PERMIT - NEW CONSTRUCTION,8/10/2021,8/10/2021,41.78962413,-87.59302611,60637,WOODLAWN
100934092,PERMIT - NEW CONSTRUCTION,8/10/2021,8/10/2021,41.99196224,-87.78301992,60646,FOREST GLEN
100934625,PERMIT - NEW CONSTRUCTION,8/10/2021,8/10/2021,41.862904,-87.70186655,60623,SOUTH LAWNDALE
100934074,PERMIT - NEW CONSTRUCTION,8/10/2021,8/10/2021,41.9100205,-87.63482189,60610,WEST TOWN
100931837,PERMIT - NEW CONSTRUCTION,8/9/2021,8/9/2021,41.86262829,-87.61503109,IL,
100901622,PERMIT - NEW CONSTRUCTION,8/9/2021,9/13/2021,nan,nan,,
100930465,PERMIT - NEW CONSTRUCTION,8/9/2021,9/7/2021,41.89691859,-87.75334785,60651,HUMBOLDT PARK
100930463,PERMIT - NEW CONSTRUCTION,8/9/2021,9/15/2021,41.89686163,-87.75334643,60651,HUMBOLDT PARK
100933345,PERMIT - NEW CONSTRUCTION,8/9/2021,8/9/2021,41.91412557,-87.75568619,60641,AVONDALE
100930784,PERMIT - NEW CONSTRUCTION,8/9/2021,8/9/2021,41.94731749,-87.65641795,60613,
100931360,PERMIT - NEW CONSTRUCTION,8/6/2021,8/6/2021,41.69964144,-87.63321238,60655,BEVERLY
100930110,PERMIT - NEW CONSTRUCTION,8/6/2021,9/28/2021,41.80556014,-87.61151182,60615,GRAND BOULEVARD
100930112,PERMIT - NEW CONSTRUCTION,8/6/2021,9/7/2021,41.80567308,-87.61151417,60615,GRAND BOULEVARD
100909834,PERMIT - NEW CONSTRUCTION,8/6/2021,8/6/2021,41.95150069,-87.6615687,60613,
100917393,PERMIT - NEW CONSTRUCTION,8/6/2021,11/5/2021,41.88855584,-87.64592378,60661,WEST TOWN
100931817,PERMIT - NEW CONSTRUCTION,8/6/2021,8/6/2021,41.86262829,-87.61503109,IL,
100930111,PERMIT - NEW CONSTRUCTION,8/6/2021,9/7/2021,41.80561657,-87.61151299,60615,GRAND BOULEVARD
100931127,PERMIT - NEW CONSTRUCTION,8/6/2021,8/6/2021,41.86631006,-87.61027015,60605,NEAR SOUTH SIDE
100933451,PERMIT - NEW CONSTRUCTION,8/6/2021,8/6/2021,41.85692162,-87.67122476,60608,NORTH LAWNDALE
100918621,PERMIT - NEW CONSTRUCTION,8/6/2021,8/6/2021,41.97082151,-87.69524356,60625,ALBANY PARK
100931276,PERMIT - NEW CONSTRUCTION,8/5/2021,9/7/2021,41.93867315,-87.65513259,60657,LAKEVIEW
100929474,PERMIT - NEW CONSTRUCTION,8/5/2021,8/5/2021,41.86483826,-87.62423881,60605,NEAR SOUTH SIDE
100929686,PERMIT - NEW CONSTRUCTION,8/5/2021,8/24/2021,41.89370001,-87.77442921,60644,AUSTIN
100912794,PERMIT - NEW CONSTRUCTION,8/5/2021,9/17/2021,41.85068937,-87.62718133,60616,ARMOUR SQUARE
100927396,PERMIT - NEW CONSTRUCTION,8/5/2021,8/5/2021,41.95487199,-87.69108406,60618,AVONDALE
100930102,PERMIT - NEW CONSTRUCTION,8/5/2021,8/6/2021,41.87066258,-87.62604791,60605,NEAR SOUTH SIDE
100930259,PERMIT - NEW CONSTRUCTION,8/5/2021,11/26/2021,41.90403591,-87.77406802,60651,HUMBOLDT PARK
100930414,PERMIT - NEW CONSTRUCTION,8/4/2021,8/4/2021,41.89654798,-87.62960981,60654,LOOP
100864739,PERMIT - NEW CONSTRUCTION,8/4/2021,8/5/2021,41.89641662,-87.63906375,60654,LOOP
100914199,PERMIT - NEW CONSTRUCTION,8/4/2021,8/4/2021,41.91947111,-87.65112881,60614,LOGAN SQUARE
100921191,PERMIT - NEW CONSTRUCTION,8/4/2021,8/4/2021,41.97326374,-87.73917547,60630,FOREST GLEN
100926563,PERMIT - NEW CONSTRUCTION,8/4/2021,8/4/2021,41.92093795,-87.6596785,60614,LOGAN SQUARE
100930529,PERMIT - NEW CONSTRUCTION,8/3/2021,9/21/2021,41.77707291,-87.60052541,60637,WOODLAWN
100933388,PERMIT - NEW CONSTRUCTION,8/3/2021,8/3/2021,41.88449669,-87.64866551,60661,WEST TOWN
100930113,PERMIT - NEW CONSTRUCTION,8/3/2021,8/24/2021,41.80530066,-87.60996278,60615,GRAND BOULEVARD
100933302,PERMIT - NEW CONSTRUCTION,8/3/2021,10/7/2021,41.96576829,-87.6575472,60640,EDGEWATER
100933189,PERMIT - NEW CONSTRUCTION,8/3/2021,8/3/2021,41.77866211,-87.57939999,60649,SOUTH CHICAGO
100933356,PERMIT - NEW CONSTRUCTION,8/2/2021,8/2/2021,41.88993599,-87.67082946,60612,NORTH LAWNDALE
100921159,PERMIT - NEW CONSTRUCTION,8/2/2021,8/2/2021,41.8930154,-87.68030357,60612,NORTH LAWNDALE
100918393,PERMIT - NEW CONSTRUCTION,8/2/2021,8/2/2021,41.90900766,-87.71298832,60651,HUMBOLDT PARK
100929567,PERMIT - NEW CONSTRUCTION,8/2/2021,8/2/2021,41.93606548,-87.66023164,60618,AVONDALE
100931511,PERMIT - NEW CONSTRUCTION,8/2/2021,9/23/2021,41.93838073,-87.64419674,60657,LAKEVIEW
100922843,PERMIT - NEW CONSTRUCTION,7/30/2021,9/10/2021,41.83169165,-87.63896661,60609,BRIDGEPORT
100922841,PERMIT - NEW CONSTRUCTION,7/30/2021,9/10/2021,41.83180301,-87.63896903,60609,BRIDGEPORT
100929888,PERMIT - NEW CONSTRUCTION,7/30/2021,9/17/2021,41.81683726,-87.63341905,60621,WASHINGTON PARK
100930478,PERMIT - NEW CONSTRUCTION,7/30/2021,7/30/2021,41.88422161,-87.61933906,60601,LOOP
100921716,PERMIT - NEW CONSTRUCTION,7/30/2021,7/30/2021,41.94106558,-87.66128314,60613,
100922840,PERMIT - NEW CONSTRUCTION,7/30/2021,9/10/2021,41.83185869,-87.63897025,60609,BRIDGEPORT
100922839,PERMIT - NEW CONSTRUCTION,7/30/2021,9/10/2021,41.83191439,-87.63897145,60609,BRIDGEPORT
100930282,PERMIT - NEW CONSTRUCTION,7/30/2021,8/10/2021,nan,nan,,
100931510,PERMIT - NEW CONSTRUCTION,7/30/2021,7/30/2021,41.80571322,-87.62421696,60615,GRAND BOULEVARD
100929633,PERMIT - NEW CONSTRUCTION,7/30/2021,9/13/2021,41.81689535,-87.63342051,60621,WASHINGTON PARK
100922842,PERMIT - NEW CONSTRUCTION,7/30/2021,9/10/2021,41.83174733,-87.63896782,60609,BRIDGEPORT
100922845,PERMIT - NEW CONSTRUCTION,7/30/2021,9/13/2021,41.83163591,-87.63896538,60609,BRIDGEPORT
100932971,PERMIT - NEW CONSTRUCTION,7/30/2021,7/30/2021,41.88516542,-87.64847952,60607,LOOP
100931838,PERMIT - NEW CONSTRUCTION,7/30/2021,8/12/2021,41.91308756,-87.65916976,60642,WEST TOWN
100929212,PERMIT - NEW CONSTRUCTION,7/29/2021,10/5/2021,41.80514855,-87.61607215,60653,KENWOOD
100932428,PERMIT - NEW CONSTRUCTION,7/29/2021,7/29/2021,41.94003278,-87.64941521,60657,LAKEVIEW
100925016,PERMIT - NEW CONSTRUCTION,7/29/2021,7/29/2021,41.87175142,-87.65215253,60607,LOOP
100929323,PERMIT - NEW CONSTRUCTION,7/29/2021,11/16/2021,41.77917228,-87.60271287,60637,WOODLAWN
100932402,PERMIT - NEW CONSTRUCTION,7/29/2021,7/29/2021,41.96778018,-87.76266011,60630,FOREST GLEN
100929871,PERMIT - NEW CONSTRUCTION,7/29/2021,9/3/2021,41.83907777,-87.65516472,60608,NORTH LAWNDALE
100933173,PERMIT - NEW CONSTRUCTION,7/29/2021,7/29/2021,41.97657551,-87.66826364,60640,EDGEWATER
100932505,PERMIT - NEW CONSTRUCTION,7/28/2021,7/28/2021,41.691747,-87.67600862,60643,WASHINGTON HEIGHTS
100922961,PERMIT - NEW CONSTRUCTION,7/28/2021,7/28/2021,41.89420402,-87.66332875,60612,NORTH LAWNDALE
100927583,PERMIT - NEW CONSTRUCTION,7/28/2021,7/28/2021,41.94766956,-87.73082072,60641,AVONDALE
100891389,PERMIT - NEW CONSTRUCTION,7/28/2021,7/28/2021,41.95031013,-87.73519419,60641,AVONDALE
100920118,PERMIT - NEW CONSTRUCTION,7/28/2021,7/28/2021,41.92547262,-87.69025257,60647,LOGAN SQUARE
100928906,PERMIT - NEW CONSTRUCTION,7/28/2021,7/28/2021,41.92197091,-87.64562757,60614,LOGAN SQUARE
100932496,PERMIT - NEW CONSTRUCTION,7/27/2021,7/27/2021,41.88422161,-87.61933906,60601,LOOP
100932149,PERMIT - NEW CONSTRUCTION,7/27/2021,7/27/2021,41.88422161,-87.61933906,60601,LOOP
100921065,PERMIT - NEW CONSTRUCTION,7/26/2021,9/27/2021,41.88502582,-87.65460592,60622,WEST TOWN
100924382,PERMIT - NEW CONSTRUCTION,7/26/2021,8/5/2021,41.91412557,-87.75568619,60641,AVONDALE
100921017,PERMIT - NEW CONSTRUCTION,7/26/2021,9/28/2021,41.87459734,-87.67632558,60612,NORTH LAWNDALE
100915988,PERMIT - NEW CONSTRUCTION,7/26/2021,10/21/2021,41.88502582,-87.65460592,60622,WEST TOWN
100884595,PERMIT - NEW CONSTRUCTION,7/23/2021,7/23/2021,41.94644897,-87.73239229,60630,FOREST GLEN
100884651,PERMIT - NEW CONSTRUCTION,7/23/2021,7/23/2021,41.94656222,-87.73240237,60630,FOREST GLEN
100928458,PERMIT - NEW CONSTRUCTION,7/23/2021,8/6/2021,41.94463317,-87.68106538,60618,AVONDALE
100929134,PERMIT - NEW CONSTRUCTION,7/23/2021,7/23/2021,41.91955366,-87.6569106,60614,LOGAN SQUARE
100923648,PERMIT - NEW CONSTRUCTION,7/23/2021,7/23/2021,41.90332133,-87.7719122,60651,HUMBOLDT PARK
100928245,PERMIT - NEW CONSTRUCTION,7/23/2021,11/3/2021,41.91767597,-87.68773744,60647,LOGAN SQUARE
100921510,PERMIT - NEW CONSTRUCTION,7/22/2021,7/22/2021,41.9735559,-87.68921684,9020,
100922340,PERMIT - NEW CONSTRUCTION,7/22/2021,7/22/2021,41.91342143,-87.64971151,60614,LOGAN SQUARE
100931107,PERMIT - NEW CONSTRUCTION,7/22/2021,7/22/2021,41.88422161,-87.61933906,60601,LOOP
100925625,PERMIT - NEW CONSTRUCTION,7/22/2021,9/2/2021,41.68788303,-87.70202619,60655,BEVERLY
100922347,PERMIT - NEW CONSTRUCTION,7/22/2021,7/22/2021,41.71275616,-87.6659432,60643,WASHINGTON HEIGHTS
100921722,PERMIT - NEW CONSTRUCTION,7/22/2021,7/22/2021,41.91336625,-87.64970972,60614,LOGAN SQUARE
100932271,PERMIT - NEW CONSTRUCTION,7/22/2021,7/22/2021,41.85093939,-87.63212018,60616,ARMOUR SQUARE
100932242,PERMIT - NEW CONSTRUCTION,7/22/2021,7/22/2021,41.85265429,-87.65308818,60608,NORTH LAWNDALE
100927453,PERMIT - NEW CONSTRUCTION,7/22/2021,9/30/2021,41.85267242,-87.69756472,60623,SOUTH LAWNDALE
100887048,PERMIT - NEW CONSTRUCTION,7/21/2021,7/21/2021,41.83392621,-87.64023586,60609,BRIDGEPORT
100923025,PERMIT - NEW CONSTRUCTION,7/21/2021,7/21/2021,41.91557481,-87.64343368,60614,LOGAN SQUARE
100930349,PERMIT - NEW CONSTRUCTION,7/20/2021,8/13/2021,41.91122456,-87.62648257,60610,WEST TOWN
100926855,PERMIT - NEW CONSTRUCTION,7/20/2021,9/24/2021,41.7074588,-87.59889142,60617,EAST SIDE
100931616,PERMIT - NEW CONSTRUCTION,7/20/2021,7/20/2021,41.92543598,-87.64895099,60614,LOGAN SQUARE
100928892,PERMIT - NEW CONSTRUCTION,7/20/2021,7/20/2021,41.93079265,-87.65497356,60614,LOGAN SQUARE
100922444,PERMIT - NEW CONSTRUCTION,7/20/2021,7/20/2021,41.9373267,-87.65751818,60657,LAKEVIEW
100931484,PERMIT - NEW CONSTRUCTION,7/19/2021,7/19/2021,41.88422161,-87.61933906,60601,LOOP
100920801,PERMIT - NEW CONSTRUCTION,7/19/2021,11/23/2021,41.90625859,-87.71718521,60651,HUMBOLDT PARK
100926469,PERMIT - NEW CONSTRUCTION,7/19/2021,10/20/2021,41.80493312,-87.62257684,60653,KENWOOD
100930825,PERMIT - NEW CONSTRUCTION,7/19/2021,9/30/2021,41.80226347,-87.59605867,60615,GRAND BOULEVARD
100929658,PERMIT - NEW CONSTRUCTION,7/19/2021,7/19/2021,41.88422161,-87.61933906,60601,LOOP
100929660,PERMIT - NEW CONSTRUCTION,7/19/2021,7/19/2021,41.88422161,-87.61933906,60601,LOOP
100930968,PERMIT - NEW CONSTRUCTION,7/19/2021,7/19/2021,41.88422161,-87.61933906,60601,LOOP
100929988,PERMIT - NEW CONSTRUCTION,7/19/2021,7/19/2021,41.95382586,-87.64953062,60613,
100927538,PERMIT - NEW CONSTRUCTION,7/19/2021,8/25/2021,41.9545529,-87.71401376,60625,ALBANY PARK
100931092,PERMIT - NEW CONSTRUCTION,7/19/2021,7/19/2021,41.88422161,-87.61933906,60601,LOOP
100930144,PERMIT - NEW CONSTRUCTION,7/19/2021,9/23/2021,41.91308756,-87.65916976,60642,WEST TOWN
100931555,PERMIT - NEW CONSTRUCTION,7/19/2021,7/19/2021,41.88426637,-87.64927147,60607,LOOP
100931556,PERMIT - NEW CONSTRUCTION,7/19/2021,7/19/2021,41.91003508,-87.67670469,60622,WEST TOWN
100926582,PERMIT - NEW CONSTRUCTION,7/19/2021,8/10/2021,41.88495976,-87.6499356,60607,LOOP
100929659,PERMIT - NEW CONSTRUCTION,7/19/2021,7/19/2021,41.88422161,-87.61933906,60601,LOOP
100930631,PERMIT - NEW CONSTRUCTION,7/19/2021,7/19/2021,41.88422161,-87.61933906,60601,LOOP
100929657,PERMIT - NEW CONSTRUCTION,7/19/2021,7/19/2021,41.88422161,-87.61933906,60601,LOOP
100930822,PERMIT - NEW CONSTRUCTION,7/19/2021,7/19/2021,41.7661952,-87.56290818,60649,SOUTH CHICAGO
100929661,PERMIT - NEW CONSTRUCTION,7/19/2021,7/19/2021,41.88422161,-87.61933906,60601,LOOP
100920735,PERMIT - NEW CONSTRUCTION,7/17/2021,11/23/2021,41.90569818,-87.71680687,60647,LOGAN SQUARE
100920736,PERMIT - NEW CONSTRUCTION,7/17/2021,11/29/2021,41.90576095,-87.71680889,60647,LOGAN SQUARE
100930669,PERMIT - NEW CONSTRUCTION,7/16/2021,7/16/2021,41.98915734,-87.65833342,60660,EDGEWATER
100930912,PERMIT - NEW CONSTRUCTION,7/16/2021,7/16/2021,41.77251648,-87.57632276,60649,SOUTH CHICAGO
100925061,PERMIT - NEW CONSTRUCTION,7/16/2021,7/16/2021,41.97512357,-87.67061056,9020,
100931267,PERMIT - NEW CONSTRUCTION,7/16/2021,8/3/2021,41.90689509,-87.72385002,60651,HUMBOLDT PARK
100931206,PERMIT - NEW CONSTRUCTION,7/16/2021,7/16/2021,41.86262829,-87.61503109,IL,
100920627,PERMIT - NEW CONSTRUCTION,7/16/2021,7/16/2021,41.95013425,-87.68728789,60618,AVONDALE
100931041,PERMIT - NEW CONSTRUCTION,7/16/2021,7/16/2021,41.96796197,-87.68903213,60625,ALBANY PARK
100925862,PERMIT - NEW CONSTRUCTION,7/16/2021,9/29/2021,41.99445639,-87.73024991,60646,FOREST GLEN
100902352,PERMIT - NEW CONSTRUCTION,7/15/2021,7/15/2021,41.89193757,-87.65595778,60622,WEST TOWN
100931042,PERMIT - NEW CONSTRUCTION,7/15/2021,7/15/2021,41.91122456,-87.62648257,60610,WEST TOWN
100931245,PERMIT - NEW CONSTRUCTION,7/15/2021,7/15/2021,41.89504435,-87.73767269,60651,HUMBOLDT PARK
100920863,PERMIT - NEW CONSTRUCTION,7/15/2021,7/15/2021,41.95813089,-87.7193181,60625,ALBANY PARK
100929542,PERMIT - NEW CONSTRUCTION,7/15/2021,7/15/2021,41.88422161,-87.61933906,60601,LOOP
100929859,PERMIT - NEW CONSTRUCTION,7/15/2021,7/15/2021,41.88422161,-87.61933906,60601,LOOP
100929541,PERMIT - NEW CONSTRUCTION,7/15/2021,7/15/2021,41.88422161,-87.61933906,60601,LOOP
100929777,PERMIT - NEW CONSTRUCTION,7/15/2021,7/15/2021,41.86631006,-87.61027015,60605,NEAR SOUTH SIDE
100930786,PERMIT - NEW CONSTRUCTION,7/15/2021,8/3/2021,41.83655222,-87.62409379,60616,ARMOUR SQUARE
100931093,PERMIT - NEW CONSTRUCTION,7/15/2021,7/19/2021,41.88422161,-87.61933906,60601,LOOP
100924482,PERMIT - NEW CONSTRUCTION,7/15/2021,7/15/2021,41.92112263,-87.65817176,60657,LAKEVIEW
100929128,PERMIT - NEW CONSTRUCTION,7/15/2021,7/15/2021,41.88422161,-87.61933906,60601,LOOP
100926979,PERMIT - NEW CONSTRUCTION,7/15/2021,9/28/2021,41.93807648,-87.76295243,60641,AVONDALE
100930657,PERMIT - NEW CONSTRUCTION,7/15/2021,7/15/2021,41.91122456,-87.62648257,60610,WEST TOWN
100927678,PERMIT - NEW CONSTRUCTION,7/15/2021,10/20/2021,41.86987759,-87.6242687,60605,NEAR SOUTH SIDE
100930692,PERMIT - NEW CONSTRUCTION,7/14/2021,7/23/2021,41.981517,-87.8221468,60656,OHARE
100921256,PERMIT - NEW CONSTRUCTION,7/14/2021,7/14/2021,41.96868558,-87.73559506,60630,FOREST GLEN
100929120,PERMIT - NEW CONSTRUCTION,7/14/2021,7/14/2021,41.88422161,-87.61933906,60601,LOOP
100927060,PERMIT - NEW CONSTRUCTION,7/14/2021,9/23/2021,41.91502833,-87.72664391,60639,LOGAN SQUARE
100922043,PERMIT - NEW CONSTRUCTION,7/13/2021,7/13/2021,41.93378975,-87.70034062,60618,AVONDALE
100921865,PERMIT - NEW CONSTRUCTION,7/13/2021,7/13/2021,41.92031903,-87.69608863,60647,LOGAN SQUARE
100921346,PERMIT - NEW CONSTRUCTION,7/12/2021,8/3/2021,41.82658087,-87.64005941,60609,BRIDGEPORT
100929079,PERMIT - NEW CONSTRUCTION,7/9/2021,9/24/2021,41.96027142,-87.68394274,60625,ALBANY PARK
100928176,PERMIT - NEW CONSTRUCTION,7/9/2021,7/9/2021,41.92560752,-87.67849016,60647,LOGAN SQUARE
100928187,PERMIT - NEW CONSTRUCTION,7/9/2021,7/9/2021,41.88124146,-87.67428253,60612,NORTH LAWNDALE
100915804,PERMIT - NEW CONSTRUCTION,7/9/2021,7/9/2021,41.94144392,-87.68189345,60618,AVONDALE
100920051,PERMIT - NEW CONSTRUCTION,7/9/2021,8/27/2021,41.85615623,-87.65651735,60608,NORTH LAWNDALE
100925480,PERMIT - NEW CONSTRUCTION,7/9/2021,7/9/2021,41.78127121,-87.60735335,60637,WOODLAWN
100925770,PERMIT - NEW CONSTRUCTION,7/9/2021,7/9/2021,41.78171809,-87.61068742,60637,WOODLAWN
100920231,PERMIT - NEW CONSTRUCTION,7/9/2021,7/9/2021,41.98568798,-87.67452648,9020,
100929870,PERMIT - NEW CONSTRUCTION,7/9/2021,7/9/2021,41.91349746,-87.66133616,60622,WEST TOWN
100925879,PERMIT - NEW CONSTRUCTION,7/8/2021,9/9/2021,41.82287149,-87.69582342,60632,ARCHER HEIGHTS
100929867,PERMIT - NEW CONSTRUCTION,7/8/2021,7/8/2021,41.88804059,-87.62817066,60601,LOOP
100879681,PERMIT - NEW CONSTRUCTION,7/8/2021,7/8/2021,41.75868449,-87.58334326,60649,SOUTH CHICAGO
100919175,PERMIT - NEW CONSTRUCTION,7/8/2021,8/31/2021,41.91711897,-87.80222173,60707,MONTCLARE
100929976,PERMIT - NEW CONSTRUCTION,7/8/2021,7/8/2021,41.84900724,-87.62233397,60616,ARMOUR SQUARE
100929846,PERMIT - NEW CONSTRUCTION,7/8/2021,7/8/2021,41.94000108,-87.65425586,60657,LAKEVIEW
100929716,PERMIT - NEW CONSTRUCTION,7/8/2021,7/9/2021,41.91349746,-87.66133616,60622,WEST TOWN
100929486,PERMIT - NEW CONSTRUCTION,7/8/2021,7/8/2021,41.88232421,-87.62769347,60602,LOOP
100929590,PERMIT - NEW CONSTRUCTION,7/8/2021,7/23/2021,41.77661168,-87.60234198,60637,WOODLAWN
100929873,PERMIT - NEW CONSTRUCTION,7/8/2021,7/8/2021,41.90661858,-87.70150146,60622,WEST TOWN
100929807,PERMIT - NEW CONSTRUCTION,7/8/2021,7/8/2021,41.85978944,-87.64762189,60608,NORTH LAWNDALE
100921797,PERMIT - NEW CONSTRUCTION,7/7/2021,9/10/2021,41.94729201,-87.68720646,60618,AVONDALE
100929982,PERMIT - NEW CONSTRUCTION,7/7/2021,8/4/2021,41.97688282,-87.69304781,60625,ALBANY PARK
100914741,PERMIT - NEW CONSTRUCTION,7/7/2021,7/7/2021,41.95699097,-87.68597975,60618,AVONDALE
100909730,PERMIT - NEW CONSTRUCTION,7/7/2021,7/26/2021,41.74830012,-87.57485274,60617,EAST SIDE
100911891,PERMIT - NEW CONSTRUCTION,7/6/2021,10/1/2021,41.9797288,-87.90232236,60666,OHARE
100917798,PERMIT - NEW CONSTRUCTION,7/6/2021,8/10/2021,41.96614679,-87.66381876,60640,EDGEWATER
100922783,PERMIT - NEW CONSTRUCTION,7/6/2021,10/14/2021,41.88427445,-87.66243303,60607,LOOP
100900621,PERMIT - NEW CONSTRUCTION,7/6/2021,7/19/2021,41.97510735,-87.65924996,60640,EDGEWATER
100928801,PERMIT - NEW CONSTRUCTION,7/6/2021,7/6/2021,41.87246827,-87.68389708,60612,NORTH LAWNDALE
100922805,PERMIT - NEW CONSTRUCTION,7/2/2021,7/30/2021,41.79644194,-87.78056371,60638,MIDWAY
100922803,PERMIT - NEW CONSTRUCTION,7/2/2021,7/30/2021,41.79655421,-87.78056706,60638,MIDWAY
100920856,PERMIT - NEW CONSTRUCTION,7/2/2021,9/2/2021,41.91198458,-87.63789339,60610,WEST TOWN
100925312,PERMIT - NEW CONSTRUCTION,7/1/2021,7/1/2021,41.86631006,-87.61027015,60605,NEAR SOUTH SIDE
100929129,PERMIT - NEW CONSTRUCTION,7/1/2021,7/16/2021,41.88422161,-87.61933906,60601,LOOP
100929462,PERMIT - NEW CONSTRUCTION,7/1/2021,7/1/2021,41.94897809,-87.66421752,60613,
100922128,PERMIT - NEW CONSTRUCTION,7/1/2021,8/11/2021,41.96878871,-87.68444146,9020,
100928824,PERMIT - NEW CONSTRUCTION,7/1/2021,7/1/2021,41.96800571,-87.75834697,60630,FOREST GLEN
100929060,PERMIT - NEW CONSTRUCTION,7/1/2021,7/1/2021,41.88124146,-87.67428253,60612,NORTH LAWNDALE
100909552,PERMIT - NEW CONSTRUCTION,6/30/2021,6/30/2021,41.95523489,-87.67670958,60613,
100909731,PERMIT - NEW CONSTRUCTION,6/30/2021,10/6/2021,41.73168217,-87.55282373,60617,EAST SIDE
100921565,PERMIT - NEW CONSTRUCTION,6/30/2021,6/30/2021,41.90507361,-87.71921869,60651,HUMBOLDT PARK
100917827,PERMIT - NEW CONSTRUCTION,6/30/2021,6/30/2021,41.97764701,-87.68595811,60625,ALBANY PARK
100929062,PERMIT - NEW CONSTRUCTION,6/30/2021,6/30/2021,41.77603811,-87.64186306,60621,WASHINGTON PARK
100918139,PERMIT - NEW CONSTRUCTION,6/29/2021,8/5/2021,41.92293151,-87.64204426,60614,LOGAN SQUARE
100918771,PERMIT - NEW CONSTRUCTION,6/29/2021,7/7/2021,41.92300547,-87.76824075,60630,FOREST GLEN
100924456,PERMIT - NEW CONSTRUCTION,6/29/2021,7/29/2021,41.93346128,-87.70148269,60618,AVONDALE
100920124,PERMIT - NEW CONSTRUCTION,6/29/2021,6/29/2021,41.89624946,-87.69164004,60647,LOGAN SQUARE
100926057,PERMIT - NEW CONSTRUCTION,6/29/2021,6/29/2021,41.91767029,-87.64258215,60614,LOGAN SQUARE
100928673,PERMIT - NEW CONSTRUCTION,6/28/2021,6/28/2021,41.88102972,-87.61728157,60601,LOOP
100928660,PERMIT - NEW CONSTRUCTION,6/28/2021,6/28/2021,41.88238074,-87.62422863,60601,LOOP
100928658,PERMIT - NEW CONSTRUCTION,6/28/2021,6/28/2021,41.88085605,-87.61763589,60601,LOOP
100923876,PERMIT - NEW CONSTRUCTION,6/28/2021,9/15/2021,41.85528242,-87.6600631,60608,NORTH LAWNDALE
100928014,PERMIT - NEW CONSTRUCTION,6/28/2021,7/8/2021,41.77672456,-87.60234493,60637,WOODLAWN
100924063,PERMIT - NEW CONSTRUCTION,6/28/2021,8/20/2021,41.92680046,-87.75350782,60639,LOGAN SQUARE
100920918,PERMIT - NEW CONSTRUCTION,6/28/2021,6/28/2021,41.9473978,-87.68356963,60625,ALBANY PARK
100924614,PERMIT - NEW CONSTRUCTION,6/28/2021,9/8/2021,41.91239607,-87.70329814,60647,LOGAN SQUARE
100916852,PERMIT - NEW CONSTRUCTION,6/26/2021,6/26/2021,41.92282168,-87.65488477,60614,LOGAN SQUARE
100919226,PERMIT - NEW CONSTRUCTION,6/25/2021,7/19/2021,41.78379278,-87.58639123,60649,SOUTH CHICAGO
100928188,PERMIT - NEW CONSTRUCTION,6/25/2021,6/25/2021,41.88124146,-87.67428253,60612,NORTH LAWNDALE
100852407,PERMIT - NEW CONSTRUCTION,6/25/2021,6/25/2021,41.82513531,-87.70910199,60632,ARCHER HEIGHTS
100928087,PERMIT - NEW CONSTRUCTION,6/25/2021,6/25/2021,41.96429284,-87.68588219,9020,
100922825,PERMIT - NEW CONSTRUCTION,6/25/2021,7/15/2021,41.9659758,-87.77446746,60630,FOREST GLEN
100919207,PERMIT - NEW CONSTRUCTION,6/25/2021,7/19/2021,41.78574881,-87.58643828,60649,SOUTH CHICAGO
100919219,PERMIT - NEW CONSTRUCTION,6/25/2021,7/19/2021,41.78546829,-87.58643205,60637,WOODLAWN
100922855,PERMIT - NEW CONSTRUCTION,6/24/2021,11/16/2021,41.9404906,-87.65094217,60657,LAKEVIEW
100908372,PERMIT - NEW CONSTRUCTION,6/24/2021,6/24/2021,41.91910887,-87.68086413,60647,LOGAN SQUARE
100923591,PERMIT - NEW CONSTRUCTION,6/24/2021,9/9/2021,41.9267107,-87.71067225,60618,AVONDALE
100867189,PERMIT - NEW CONSTRUCTION,6/24/2021,6/24/2021,41.91302133,-87.67493968,60614,LOGAN SQUARE
100928226,PERMIT - NEW CONSTRUCTION,6/24/2021,6/24/2021,41.71457403,-87.61383053,60619,AVALON PARK
100928392,PERMIT - NEW CONSTRUCTION,6/24/2021,6/25/2021,41.88124146,-87.67428253,60612,NORTH LAWNDALE
100926056,PERMIT - NEW CONSTRUCTION,6/24/2021,6/24/2021,41.89856635,-87.71626899,60651,HUMBOLDT PARK
100928219,PERMIT - NEW CONSTRUCTION,6/24/2021,6/24/2021,41.87090822,-87.75742782,60644,AUSTIN
100928123,PERMIT - NEW CONSTRUCTION,6/24/2021,6/24/2021,41.96348083,-87.65581592,60640,EDGEWATER
100927959,PERMIT - NEW CONSTRUCTION,6/23/2021,6/23/2021,41.87090822,-87.75742782,60644,AUSTIN
100924654,PERMIT - NEW CONSTRUCTION,6/23/2021,8/11/2021,41.88664234,-87.65435641,60661,WEST TOWN
100927967,PERMIT - NEW CONSTRUCTION,6/23/2021,6/23/2021,41.71457403,-87.61383053,60619,AVALON PARK
100927782,PERMIT - NEW CONSTRUCTION,6/23/2021,6/23/2021,41.86631006,-87.61027015,60605,NEAR SOUTH SIDE
100927965,PERMIT - NEW CONSTRUCTION,6/23/2021,6/23/2021,41.97959355,-87.75858927,60630,FOREST GLEN
100926792,PERMIT - NEW CONSTRUCTION,6/23/2021,10/21/2021,41.81629341,-87.61848874,60615,GRAND BOULEVARD
100924162,PERMIT - NEW CONSTRUCTION,6/23/2021,9/22/2021,41.81629341,-87.61848874,60615,GRAND BOULEVARD
100927890,PERMIT - NEW CONSTRUCTION,6/23/2021,6/23/2021,41.86703514,-87.64752208,60607,LOOP
100920938,PERMIT - NEW CONSTRUCTION,6/22/2021,9/7/2021,41.89429064,-87.67176816,60612,NORTH LAWNDALE
100918259,PERMIT - NEW CONSTRUCTION,6/22/2021,6/22/2021,41.99058808,-87.7978435,60631,NORWOOD PARK
100922272,PERMIT - NEW CONSTRUCTION,6/22/2021,8/17/2021,41.97806147,-87.78768227,60646,FOREST GLEN
100908519,PERMIT - NEW CONSTRUCTION,6/21/2021,10/28/2021,41.89325769,-87.67877321,60612,NORTH LAWNDALE
100837220,PERMIT - NEW CONSTRUCTION,6/21/2021,6/21/2021,41.81709683,-87.71975498,60632,ARCHER HEIGHTS
100922716,PERMIT - NEW CONSTRUCTION,6/21/2021,7/2/2021,41.92618862,-87.69242696,60647,LOGAN SQUARE
100925231,PERMIT - NEW CONSTRUCTION,6/21/2021,9/27/2021,41.90967818,-87.63647107,60614,LOGAN SQUARE
100923691,PERMIT - NEW CONSTRUCTION,6/21/2021,7/27/2021,41.97331729,-87.74309034,60630,FOREST GLEN
100911598,PERMIT - NEW CONSTRUCTION,6/21/2021,6/24/2021,41.97160605,-87.72464139,60659,NORTH PARK
100920212,PERMIT - NEW CONSTRUCTION,6/21/2021,10/28/2021,41.81269104,-87.61377432,60653,KENWOOD
100922720,PERMIT - NEW CONSTRUCTION,6/18/2021,9/21/2021,41.77655525,-87.6023405,60637,WOODLAWN
100922539,PERMIT - NEW CONSTRUCTION,6/18/2021,8/4/2021,41.94694783,-87.6805027,60618,AVONDALE
100922407,PERMIT - NEW CONSTRUCTION,6/18/2021,8/20/2021,41.92590065,-87.69241615,60647,LOGAN SQUARE
100926342,PERMIT - NEW CONSTRUCTION,6/17/2021,7/8/2021,41.78517099,-87.60866927,60637,WOODLAWN
100918026,PERMIT - NEW CONSTRUCTION,6/16/2021,8/10/2021,41.99175033,-87.65671746,60660,EDGEWATER
100911156,PERMIT - NEW CONSTRUCTION,6/16/2021,6/16/2021,41.91823236,-87.68685101,60647,LOGAN SQUARE
100911157,PERMIT - NEW CONSTRUCTION,6/16/2021,6/16/2021,41.91823395,-87.68677487,60647,LOGAN SQUARE
100921267,PERMIT - NEW CONSTRUCTION,6/16/2021,6/16/2021,41.90623506,-87.72139294,60651,HUMBOLDT PARK
100923331,PERMIT - NEW CONSTRUCTION,6/16/2021,6/29/2021,42.00029847,-87.80930948,60631,NORWOOD PARK
100927111,PERMIT - NEW CONSTRUCTION,6/16/2021,6/16/2021,41.98354044,-87.65859062,60660,EDGEWATER
100921848,PERMIT - NEW CONSTRUCTION,6/16/2021,6/16/2021,41.92028346,-87.6960304,60647,LOGAN SQUARE
100926611,PERMIT - NEW CONSTRUCTION,6/15/2021,6/15/2021,41.88085605,-87.61763589,60601,LOOP
100926797,PERMIT - NEW CONSTRUCTION,6/15/2021,6/16/2021,41.95995019,-87.79409123,60634,BELMONT CRAGIN
100921345,PERMIT - NEW CONSTRUCTION,6/15/2021,6/15/2021,41.90612306,-87.72138998,60651,HUMBOLDT PARK
100921574,PERMIT - NEW CONSTRUCTION,6/15/2021,6/15/2021,41.90473645,-87.71920788,60651,HUMBOLDT PARK
100915916,PERMIT - NEW CONSTRUCTION,6/15/2021,6/15/2021,41.96909349,-87.6936676,60625,ALBANY PARK
100921542,PERMIT - NEW CONSTRUCTION,6/15/2021,6/15/2021,41.91958886,-87.73167755,60639,LOGAN SQUARE
100918613,PERMIT - NEW CONSTRUCTION,6/15/2021,6/15/2021,41.95581,-87.68324027,60618,AVONDALE
100921810,PERMIT - NEW CONSTRUCTION,6/14/2021,7/1/2021,41.80679723,-87.68820317,60632,ARCHER HEIGHTS
100921809,PERMIT - NEW CONSTRUCTION,6/14/2021,7/1/2021,41.8068525,-87.68820469,60632,ARCHER HEIGHTS
100901306,PERMIT - NEW CONSTRUCTION,6/14/2021,6/14/2021,41.90605651,-87.68142231,60622,WEST TOWN
100919205,PERMIT - NEW CONSTRUCTION,6/11/2021,6/21/2021,41.8277756,-87.64467168,60609,BRIDGEPORT
100919204,PERMIT - NEW CONSTRUCTION,6/11/2021,7/6/2021,41.82783216,-87.64467288,60609,BRIDGEPORT
100896081,PERMIT - NEW CONSTRUCTION,6/11/2021,6/11/2021,41.93856244,-87.71722648,60618,AVONDALE
100906975,PERMIT - NEW CONSTRUCTION,6/10/2021,6/10/2021,41.86838347,-87.68623302,60612,NORTH LAWNDALE
100917946,PERMIT - NEW CONSTRUCTION,6/10/2021,6/10/2021,41.94995644,-87.65547395,60613,
100923518,PERMIT - NEW CONSTRUCTION,6/10/2021,6/10/2021,41.9227401,-87.68659225,60647,LOGAN SQUARE
100918367,PERMIT - NEW CONSTRUCTION,6/10/2021,6/10/2021,41.94047921,-87.65640822,60657,LAKEVIEW
100923565,PERMIT - NEW CONSTRUCTION,6/9/2021,6/9/2021,41.94442965,-87.64293661,60657,LAKEVIEW
100909060,PERMIT - NEW CONSTRUCTION,6/9/2021,6/9/2021,41.9211982,-87.65696105,60614,LOGAN SQUARE
100922332,PERMIT - NEW CONSTRUCTION,6/9/2021,6/15/2021,41.89690353,-87.63436122,60610,WEST TOWN
100913662,PERMIT - NEW CONSTRUCTION,6/9/2021,6/9/2021,41.96581673,-87.68467881,60625,ALBANY PARK
100922115,PERMIT - NEW CONSTRUCTION,6/9/2021,9/15/2021,41.90922531,-87.71314474,60651,HUMBOLDT PARK
100924477,PERMIT - NEW CONSTRUCTION,6/8/2021,6/8/2021,41.92728515,-87.65469743,60614,LOGAN SQUARE
100907787,PERMIT - NEW CONSTRUCTION,6/8/2021,6/8/2021,41.91112546,-87.71024678,60647,LOGAN SQUARE
100925755,PERMIT - NEW CONSTRUCTION,6/8/2021,7/28/2021,41.75282202,-87.74135449,60652,ASHBURN
100923714,PERMIT - NEW CONSTRUCTION,6/8/2021,6/8/2021,41.90176191,-87.6293413,60611,
100925778,PERMIT - NEW CONSTRUCTION,6/8/2021,6/8/2021,41.9421789,-87.69776177,60625,ALBANY PARK
100924734,PERMIT - NEW CONSTRUCTION,6/8/2021,6/8/2021,41.9421789,-87.69776177,60625,ALBANY PARK
100924460,PERMIT - NEW CONSTRUCTION,6/7/2021,6/7/2021,41.88422161,-87.61933906,60601,LOOP
100917177,PERMIT - NEW CONSTRUCTION,6/7/2021,6/7/2021,41.85507255,-87.65944973,60608,NORTH LAWNDALE
100924955,PERMIT - NEW CONSTRUCTION,6/7/2021,6/7/2021,41.88826607,-87.75520769,60644,AUSTIN
100921464,PERMIT - NEW CONSTRUCTION,6/7/2021,6/7/2021,41.9494869,-87.68484247,60618,AVONDALE
100878553,PERMIT - NEW CONSTRUCTION,6/7/2021,7/20/2021,41.90556668,-87.69552331,60622,WEST TOWN
100918715,PERMIT - NEW CONSTRUCTION,6/4/2021,6/4/2021,41.9208746,-87.66059979,60614,LOGAN SQUARE
100921784,PERMIT - NEW CONSTRUCTION,6/4/2021,7/7/2021,41.93682265,-87.71134815,60618,AVONDALE
100910839,PERMIT - NEW CONSTRUCTION,6/4/2021,6/4/2021,41.67735092,-87.63963132,60628,WASHINGTON HEIGHTS
100910847,PERMIT - NEW CONSTRUCTION,6/4/2021,6/4/2021,41.67723805,-87.63962758,60628,WASHINGTON HEIGHTS
100910845,PERMIT - NEW CONSTRUCTION,6/4/2021,6/4/2021,41.67729448,-87.63962945,60628,WASHINGTON HEIGHTS
100872280,PERMIT - NEW CONSTRUCTION,6/4/2021,6/4/2021,41.92783642,-87.79552,60707,MONTCLARE
100885002,PERMIT - NEW CONSTRUCTION,6/3/2021,6/3/2021,41.91604739,-87.68152886,60647,LOGAN SQUARE
100923686,PERMIT - NEW CONSTRUCTION,6/3/2021,6/3/2021,41.80812169,-87.69707375,60632,ARCHER HEIGHTS
100920788,PERMIT - NEW CONSTRUCTION,6/3/2021,7/14/2021,41.90626108,-87.716954,60651,HUMBOLDT PARK
100920781,PERMIT - NEW CONSTRUCTION,6/3/2021,7/14/2021,41.90626273,-87.71679986,60651,HUMBOLDT PARK
100924149,PERMIT - NEW CONSTRUCTION,6/3/2021,6/3/2021,41.91745895,-87.75936985,60651,HUMBOLDT PARK
100920794,PERMIT - NEW CONSTRUCTION,6/3/2021,7/14/2021,41.90626025,-87.71703107,60651,HUMBOLDT PARK
100920797,PERMIT - NEW CONSTRUCTION,6/3/2021,8/17/2021,41.90625942,-87.71710814,60651,HUMBOLDT PARK
100919907,PERMIT - NEW CONSTRUCTION,6/3/2021,6/3/2021,41.94498879,-87.67340918,60657,LAKEVIEW
100925143,PERMIT - NEW CONSTRUCTION,6/3/2021,6/3/2021,41.88102972,-87.61728157,60601,LOOP
100920785,PERMIT - NEW CONSTRUCTION,6/3/2021,7/14/2021,41.90626191,-87.71687693,60651,HUMBOLDT PARK
100924664,PERMIT - NEW CONSTRUCTION,6/3/2021,6/3/2021,41.78954209,-87.60111507,60637,WOODLAWN
100816037,PERMIT - NEW CONSTRUCTION,6/2/2021,10/7/2021,41.99175033,-87.65671746,60660,EDGEWATER
100922218,PERMIT - NEW CONSTRUCTION,6/2/2021,6/14/2021,41.97396273,-87.76647598,60630,FOREST GLEN
100921342,PERMIT - NEW CONSTRUCTION,6/2/2021,6/23/2021,41.81011374,-87.70882792,60632,ARCHER HEIGHTS
100921257,PERMIT - NEW CONSTRUCTION,6/2/2021,7/14/2021,41.92732659,-87.69124693,60647,LOGAN SQUARE
100919806,PERMIT - NEW CONSTRUCTION,6/2/2021,11/30/2021,41.96087486,-87.72476715,60641,AVONDALE
100913485,PERMIT - NEW CONSTRUCTION,6/2/2021,6/2/2021,41.76289638,-87.59955291,60619,AVALON PARK
100909875,PERMIT - NEW CONSTRUCTION,6/2/2021,6/17/2021,41.91798368,-87.74333873,60639,LOGAN SQUARE
100923744,PERMIT - NEW CONSTRUCTION,6/2/2021,6/2/2021,41.78954209,-87.60111507,60637,WOODLAWN
100915006,PERMIT - NEW CONSTRUCTION,6/2/2021,6/2/2021,42.00284897,-87.8130753,60631,NORWOOD PARK
100908580,PERMIT - NEW CONSTRUCTION,6/2/2021,6/2/2021,41.89444112,-87.66212874,60642,WEST TOWN
100924144,PERMIT - NEW CONSTRUCTION,6/1/2021,6/2/2021,41.7858403,-87.59906822,60637,WOODLAWN
100921242,PERMIT - NEW CONSTRUCTION,6/1/2021,8/13/2021,41.81007937,-87.62108698,60653,KENWOOD
100913950,PERMIT - NEW CONSTRUCTION,6/1/2021,6/1/2021,41.85332153,-87.66729693,60608,NORTH LAWNDALE
100924419,PERMIT - NEW CONSTRUCTION,6/1/2021,6/1/2021,41.77968071,-87.69204552,60629,WEST ELSDON
100922356,PERMIT - NEW CONSTRUCTION,5/31/2021,5/31/2021,41.69773579,-87.61121079,60628,WASHINGTON HEIGHTS
100924406,PERMIT - NEW CONSTRUCTION,5/28/2021,6/25/2021,41.8717937,-87.6777657,60612,NORTH LAWNDALE
100908583,PERMIT - NEW CONSTRUCTION,5/27/2021,7/30/2021,41.96543743,-87.65633776,60625,ALBANY PARK
100897895,PERMIT - NEW CONSTRUCTION,5/27/2021,6/7/2021,41.93941369,-87.6824011,60618,AVONDALE
100919557,PERMIT - NEW CONSTRUCTION,5/26/2021,6/8/2021,41.80823782,-87.62266184,60653,KENWOOD
100919379,PERMIT - NEW CONSTRUCTION,5/26/2021,6/25/2021,41.68806346,-87.70298736,60655,BEVERLY
100855433,PERMIT - NEW CONSTRUCTION,5/26/2021,10/25/2021,41.98734586,-87.70250138,60659,NORTH PARK
100920739,PERMIT - NEW CONSTRUCTION,5/26/2021,8/3/2021,41.83857759,-87.66231167,60608,NORTH LAWNDALE
100919558,PERMIT - NEW CONSTRUCTION,5/26/2021,6/21/2021,41.80818131,-87.62266031,60653,KENWOOD
100920386,PERMIT - NEW CONSTRUCTION,5/25/2021,6/10/2021,41.93703236,-87.67155584,60657,LAKEVIEW
100906987,PERMIT - NEW CONSTRUCTION,5/25/2021,6/10/2021,41.86831559,-87.68623057,60612,NORTH LAWNDALE
100914426,PERMIT - NEW CONSTRUCTION,5/24/2021,10/25/2021,41.90749938,-87.69340754,60647,LOGAN SQUARE
100919756,PERMIT - NEW CONSTRUCTION,5/24/2021,8/24/2021,41.95229598,-87.68942119,60618,AVONDALE
100916784,PERMIT - NEW CONSTRUCTION,5/24/2021,11/1/2021,41.88536229,-87.69967611,60624,HUMBOLDT PARK
100919103,PERMIT - NEW CONSTRUCTION,5/24/2021,7/26/2021,41.81145526,-87.60972354,60653,KENWOOD
100923704,PERMIT - NEW CONSTRUCTION,5/21/2021,6/16/2021,41.98354044,-87.65859062,60660,EDGEWATER
100915828,PERMIT - NEW CONSTRUCTION,5/20/2021,7/14/2021,41.89856635,-87.71626899,60651,HUMBOLDT PARK
100910062,PERMIT - NEW CONSTRUCTION,5/20/2021,5/20/2021,41.93696428,-87.66098858,60657,LAKEVIEW
100919341,PERMIT - NEW CONSTRUCTION,5/20/2021,6/18/2021,41.68798666,-87.70202468,60655,BEVERLY
100923212,PERMIT - NEW CONSTRUCTION,5/20/2021,5/20/2021,41.87859028,-87.66419635,60607,LOOP
100922226,PERMIT - NEW CONSTRUCTION,5/19/2021,5/19/2021,41.90084861,-87.64887679,60622,WEST TOWN
100918914,PERMIT - NEW CONSTRUCTION,5/19/2021,6/2/2021,42.00269022,-87.81325611,60631,NORWOOD PARK
100918913,PERMIT - NEW CONSTRUCTION,5/19/2021,6/25/2021,42.00259867,-87.81336038,60631,NORWOOD PARK
100890019,PERMIT - NEW CONSTRUCTION,5/19/2021,7/26/2021,41.94818452,-87.65814611,60613,
100914932,PERMIT - NEW CONSTRUCTION,5/18/2021,5/18/2021,41.97090363,-87.69109433,60625,ALBANY PARK
100914916,PERMIT - NEW CONSTRUCTION,5/18/2021,5/18/2021,41.97090447,-87.69102706,60625,ALBANY PARK
100908249,PERMIT - NEW CONSTRUCTION,5/18/2021,5/18/2021,41.91826342,-87.67656457,60614,LOGAN SQUARE
100914949,PERMIT - NEW CONSTRUCTION,5/18/2021,5/18/2021,41.97090196,-87.69122887,60625,ALBANY PARK
100920765,PERMIT - NEW CONSTRUCTION,5/17/2021,8/10/2021,41.89490472,-87.6898643,60612,NORTH LAWNDALE
100920769,PERMIT - NEW CONSTRUCTION,5/17/2021,8/11/2021,41.89490558,-87.6897878,60612,NORTH LAWNDALE
100913927,PERMIT - NEW CONSTRUCTION,5/17/2021,5/17/2021,41.88983305,-87.66155336,60612,NORTH LAWNDALE
100921932,PERMIT - NEW CONSTRUCTION,5/17/2021,5/17/2021,41.92361841,-87.65645724,60614,LOGAN SQUARE
100922481,PERMIT - NEW CONSTRUCTION,5/17/2021,5/17/2021,41.78946628,-87.59302412,60637,WOODLAWN
100891282,PERMIT - NEW CONSTRUCTION,5/17/2021,5/17/2021,41.95919706,-87.73428274,60630,FOREST GLEN
100921373,PERMIT - NEW CONSTRUCTION,5/14/2021,5/14/2021,41.94010371,-87.648318,60657,LAKEVIEW
100846469,PERMIT - NEW CONSTRUCTION,5/14/2021,6/2/2021,41.91180108,-87.68033731,60647,LOGAN SQUARE
100922238,PERMIT - NEW CONSTRUCTION,5/13/2021,5/13/2021,41.99610355,-87.65571848,60660,EDGEWATER
100921353,PERMIT - NEW CONSTRUCTION,5/13/2021,5/13/2021,41.91549954,-87.64615754,60614,LOGAN SQUARE
100921585,PERMIT - NEW CONSTRUCTION,5/13/2021,5/13/2021,41.87826992,-87.62052861,60604,LOOP
100919215,PERMIT - NEW CONSTRUCTION,5/13/2021,7/27/2021,41.94169095,-87.68461839,60618,AVONDALE
100921900,PERMIT - NEW CONSTRUCTION,5/13/2021,8/31/2021,41.93011044,-87.65391981,60614,LOGAN SQUARE
100910338,PERMIT - NEW CONSTRUCTION,5/13/2021,6/29/2021,41.94341187,-87.83372004,60634,BELMONT CRAGIN
100918785,PERMIT - NEW CONSTRUCTION,5/12/2021,10/14/2021,41.92049238,-87.65937008,60614,LOGAN SQUARE
100909018,PERMIT - NEW CONSTRUCTION,5/12/2021,5/12/2021,41.91645257,-87.71904697,60618,AVONDALE
100915496,PERMIT - NEW CONSTRUCTION,5/12/2021,5/12/2021,41.81518709,-87.61389879,60653,KENWOOD
100918915,PERMIT - NEW CONSTRUCTION,5/12/2021,6/3/2021,41.90128332,-87.76790358,60651,HUMBOLDT PARK
100919119,PERMIT - NEW CONSTRUCTION,5/12/2021,6/9/2021,41.69044791,-87.70092814,60655,BEVERLY
100897871,PERMIT - NEW CONSTRUCTION,5/11/2021,7/21/2021,41.91412557,-87.75568619,60641,AVONDALE
100808902,PERMIT - NEW CONSTRUCTION,5/11/2021,5/11/2021,41.85627467,-87.64167158,60616,ARMOUR SQUARE
100908195,PERMIT - NEW CONSTRUCTION,5/11/2021,8/3/2021,41.94697057,-87.67878424,60613,
100918191,PERMIT - NEW CONSTRUCTION,5/11/2021,11/8/2021,41.82896246,-87.60791181,60615,GRAND BOULEVARD
100917761,PERMIT - NEW CONSTRUCTION,5/10/2021,8/11/2021,41.89651453,-87.72230017,60651,HUMBOLDT PARK
100910932,PERMIT - NEW CONSTRUCTION,5/7/2021,5/7/2021,41.74047436,-87.60046494,60619,AVALON PARK
100921477,PERMIT - NEW CONSTRUCTION,5/7/2021,5/7/2021,41.89504435,-87.73767269,60651,HUMBOLDT PARK
100917934,PERMIT - NEW CONSTRUCTION,5/7/2021,6/14/2021,41.84916451,-87.62685429,60616,ARMOUR SQUARE
100913647,PERMIT - NEW CONSTRUCTION,5/7/2021,10/14/2021,41.95229596,-87.74573502,60641,AVONDALE
100917278,PERMIT - NEW CONSTRUCTION,5/6/2021,5/6/2021,41.95747845,-87.68750325,60618,AVONDALE
100918388,PERMIT - NEW CONSTRUCTION,5/6/2021,8/30/2021,41.92675174,-87.66477596,60614,LOGAN SQUARE
100878289,PERMIT - NEW CONSTRUCTION,5/6/2021,6/7/2021,nan,nan,,
100920174,PERMIT - NEW CONSTRUCTION,5/6/2021,5/6/2021,41.89209414,-87.61156988,60611,
100910882,PERMIT - NEW CONSTRUCTION,5/5/2021,6/21/2021,41.86829747,-87.68917655,60612,NORTH LAWNDALE
100920944,PERMIT - NEW CONSTRUCTION,5/5/2021,5/5/2021,41.89672011,-87.61756751,60611,
100920723,PERMIT - NEW CONSTRUCTION,5/5/2021,5/5/2021,41.84924285,-87.6238609,60616,ARMOUR SQUARE
100920702,PERMIT - NEW CONSTRUCTION,5/4/2021,5/5/2021,41.9894658,-87.81421067,60631,NORWOOD PARK
100891722,PERMIT - NEW CONSTRUCTION,5/4/2021,5/4/2021,41.89148744,-87.67375395,60612,NORTH LAWNDALE
100775345,PERMIT - NEW CONSTRUCTION,5/4/2021,5/4/2021,41.93447355,-87.6595014,60657,LAKEVIEW
100911158,PERMIT - NEW CONSTRUCTION,5/4/2021,5/4/2021,41.83325965,-87.65574519,60620,ROSELAND
100915070,PERMIT - NEW CONSTRUCTION,5/4/2021,7/14/2021,41.93331434,-87.67750009,60657,LAKEVIEW
100918932,PERMIT - NEW CONSTRUCTION,5/3/2021,5/3/2021,41.90176191,-87.6293413,60611,
100916482,PERMIT - NEW CONSTRUCTION,5/3/2021,6/6/2021,41.97354597,-87.75375222,60630,FOREST GLEN
100915326,PERMIT - NEW CONSTRUCTION,5/3/2021,5/3/2021,41.84101634,-87.66322516,60608,NORTH LAWNDALE
100920656,PERMIT - NEW CONSTRUCTION,5/3/2021,5/7/2021,41.75096655,-87.62996105,60652,ASHBURN
100896027,PERMIT - NEW CONSTRUCTION,5/3/2021,5/27/2021,41.96878609,-87.6846096,9020,
100901338,PERMIT - NEW CONSTRUCTION,5/3/2021,5/3/2021,41.91121727,-87.71156722,60659,NORTH PARK
100915295,PERMIT - NEW CONSTRUCTION,5/3/2021,5/3/2021,41.84112205,-87.66331495,60608,NORTH LAWNDALE
100910350,PERMIT - NEW CONSTRUCTION,5/3/2021,8/3/2021,41.82390751,-87.61978794,60653,KENWOOD
100910657,PERMIT - NEW CONSTRUCTION,5/3/2021,5/3/2021,41.97316445,-87.68706197,60625,ALBANY PARK
100902656,PERMIT - NEW CONSTRUCTION,4/30/2021,6/9/2021,41.88777714,-87.61550674,60601,LOOP
100911934,PERMIT - NEW CONSTRUCTION,4/30/2021,7/22/2021,41.95919505,-87.73133165,60641,AVONDALE
100915387,PERMIT - NEW CONSTRUCTION,4/30/2021,4/30/2021,41.84103749,-87.66324312,60608,NORTH LAWNDALE
100917472,PERMIT - NEW CONSTRUCTION,4/30/2021,4/30/2021,41.91108516,-87.63125958,60610,WEST TOWN
100902657,PERMIT - NEW CONSTRUCTION,4/30/2021,6/9/2021,41.88777205,-87.6149745,60601,LOOP
100911953,PERMIT - NEW CONSTRUCTION,4/30/2021,9/3/2021,41.95929213,-87.73115145,60641,AVONDALE
100902642,PERMIT - NEW CONSTRUCTION,4/30/2021,6/9/2021,41.88778731,-87.61657123,60601,LOOP
100915299,PERMIT - NEW CONSTRUCTION,4/30/2021,5/7/2021,41.84105863,-87.66326108,60608,NORTH LAWNDALE
100915338,PERMIT - NEW CONSTRUCTION,4/30/2021,4/30/2021,41.84110091,-87.663297,60608,NORTH LAWNDALE
100915243,PERMIT - NEW CONSTRUCTION,4/30/2021,9/7/2021,41.96751123,-87.77795203,60630,FOREST GLEN
100911958,PERMIT - NEW CONSTRUCTION,4/30/2021,7/28/2021,41.95934695,-87.73115247,60641,AVONDALE
100916690,PERMIT - NEW CONSTRUCTION,4/29/2021,7/13/2021,42.0127284,-87.7059404,60645,
100912521,PERMIT - NEW CONSTRUCTION,4/29/2021,7/12/2021,41.91757267,-87.64955851,60614,LOGAN SQUARE
100916860,PERMIT - NEW CONSTRUCTION,4/29/2021,7/14/2021,41.95116102,-87.68338036,60625,ALBANY PARK
100918140,PERMIT - NEW CONSTRUCTION,4/29/2021,4/29/2021,41.72180414,-87.61399412,60617,EAST SIDE
100919999,PERMIT - NEW CONSTRUCTION,4/29/2021,4/29/2021,41.88343797,-87.64872378,60607,LOOP
100915236,PERMIT - NEW CONSTRUCTION,4/29/2021,9/14/2021,41.96752863,-87.77766622,60630,FOREST GLEN
100920004,PERMIT - NEW CONSTRUCTION,4/29/2021,4/29/2021,41.90335951,-87.67339734,60651,HUMBOLDT PARK
100919033,PERMIT - NEW CONSTRUCTION,4/29/2021,4/30/2021,41.83022704,-87.72405846,60623,SOUTH LAWNDALE
100915392,PERMIT - NEW CONSTRUCTION,4/28/2021,4/28/2021,41.84097406,-87.66318925,60608,NORTH LAWNDALE
100917390,PERMIT - NEW CONSTRUCTION,4/28/2021,5/21/2021,41.88855584,-87.64592378,60661,WEST TOWN
100917022,PERMIT - NEW CONSTRUCTION,4/28/2021,7/8/2021,41.81019788,-87.74063533,60632,ARCHER HEIGHTS
100907666,PERMIT - NEW CONSTRUCTION,4/28/2021,4/28/2021,41.91151627,-87.6773407,60622,WEST TOWN
100915898,PERMIT - NEW CONSTRUCTION,4/27/2021,8/31/2021,41.88757635,-87.65699485,60607,LOOP
100916047,PERMIT - NEW CONSTRUCTION,4/27/2021,8/25/2021,41.7779619,-87.71519834,60629,WEST ELSDON
100916530,PERMIT - NEW CONSTRUCTION,4/27/2021,6/17/2021,41.91324233,-87.69203555,60647,LOGAN SQUARE
100913857,PERMIT - NEW CONSTRUCTION,4/27/2021,4/27/2021,41.88124146,-87.67428253,60612,NORTH LAWNDALE
100907144,PERMIT - NEW CONSTRUCTION,4/27/2021,4/27/2021,41.85494049,-87.71007119,60623,SOUTH LAWNDALE
100919446,PERMIT - NEW CONSTRUCTION,4/27/2021,5/14/2021,41.78994306,-87.59627578,60637,WOODLAWN
100885605,PERMIT - NEW CONSTRUCTION,4/26/2021,4/29/2021,41.8717937,-87.6777657,60612,NORTH LAWNDALE
100915502,PERMIT - NEW CONSTRUCTION,4/23/2021,8/18/2021,41.83397172,-87.6207526,60653,KENWOOD
100919069,PERMIT - NEW CONSTRUCTION,4/23/2021,4/23/2021,41.80688047,-87.69768403,60632,ARCHER HEIGHTS
100919100,PERMIT - NEW CONSTRUCTION,4/23/2021,4/23/2021,41.80571322,-87.62421696,60615,GRAND BOULEVARD
100907863,PERMIT - NEW CONSTRUCTION,4/23/2021,4/29/2021,41.88855584,-87.64592378,60661,WEST TOWN
100868137,PERMIT - NEW CONSTRUCTION,4/23/2021,4/23/2021,41.92514095,-87.64131867,60614,LOGAN SQUARE
100919094,PERMIT - NEW CONSTRUCTION,4/23/2021,4/23/2021,41.97566434,-87.70489095,60625,ALBANY PARK
100913308,PERMIT - NEW CONSTRUCTION,4/22/2021,5/6/2021,41.88406579,-87.66156568,60607,LOOP
100918684,PERMIT - NEW CONSTRUCTION,4/22/2021,4/22/2021,41.85323373,-87.64636415,60616,ARMOUR SQUARE
100910931,PERMIT - NEW CONSTRUCTION,4/22/2021,6/25/2021,41.94633705,-87.73875725,60641,AVONDALE
100917408,PERMIT - NEW CONSTRUCTION,4/22/2021,4/29/2021,41.78396212,-87.60495287,60637,WOODLAWN
100822766,PERMIT - NEW CONSTRUCTION,4/22/2021,4/22/2021,41.96796582,-87.67603403,9020,
100913668,PERMIT - NEW CONSTRUCTION,4/21/2021,5/12/2021,41.83242436,-87.66754647,60608,NORTH LAWNDALE
100918506,PERMIT - NEW CONSTRUCTION,4/21/2021,4/21/2021,41.8238513,-87.62428782,60653,KENWOOD
100915401,PERMIT - NEW CONSTRUCTION,4/21/2021,7/7/2021,41.6881722,-87.70299179,60655,BEVERLY
100911583,PERMIT - NEW CONSTRUCTION,4/20/2021,4/20/2021,41.94798812,-87.6896532,60618,AVONDALE
100887624,PERMIT - NEW CONSTRUCTION,4/20/2021,8/25/2021,42.01182937,-87.69009235,60645,
100916873,PERMIT - NEW CONSTRUCTION,4/20/2021,4/29/2021,41.90843729,-87.67420831,60622,WEST TOWN
100906716,PERMIT - NEW CONSTRUCTION,4/20/2021,9/17/2021,41.91721238,-87.68623388,60647,LOGAN SQUARE
100914354,PERMIT - NEW CONSTRUCTION,4/20/2021,5/4/2021,41.95700736,-87.68476544,60618,AVONDALE
100909513,PERMIT - NEW CONSTRUCTION,4/19/2021,4/19/2021,41.91239607,-87.70329814,60647,LOGAN SQUARE
100894934,PERMIT - NEW CONSTRUCTION,4/19/2021,8/31/2021,41.92230468,-87.64850217,60614,LOGAN SQUARE
100907545,PERMIT - NEW CONSTRUCTION,4/19/2021,4/19/2021,41.91877696,-87.7039917,60647,LOGAN SQUARE
100915241,PERMIT - NEW CONSTRUCTION,4/19/2021,7/7/2021,41.87737213,-87.63969229,60606,NEAR WEST SIDE
100907389,PERMIT - NEW CONSTRUCTION,4/19/2021,4/19/2021,41.90361144,-87.71013981,60651,HUMBOLDT PARK
100914250,PERMIT - NEW CONSTRUCTION,4/16/2021,4/16/2021,41.97662246,-87.67223562,9020,
100910565,PERMIT - NEW CONSTRUCTION,4/16/2021,5/24/2021,41.9797288,-87.90232236,60666,OHARE
100911839,PERMIT - NEW CONSTRUCTION,4/16/2021,4/16/2021,41.91643387,-87.7152749,60647,LOGAN SQUARE
100917517,PERMIT - NEW CONSTRUCTION,4/16/2021,4/16/2021,41.8238513,-87.62428782,60653,KENWOOD
100911447,PERMIT - NEW CONSTRUCTION,4/15/2021,4/15/2021,41.94152552,-87.67976267,60618,AVONDALE
100910229,PERMIT - NEW CONSTRUCTION,4/15/2021,6/11/2021,41.74257762,-87.63393693,60620,ROSELAND
100917733,PERMIT - NEW CONSTRUCTION,4/15/2021,4/15/2021,41.86327278,-87.65914247,60608,NORTH LAWNDALE
100915351,PERMIT - NEW CONSTRUCTION,4/14/2021,6/14/2021,41.95965679,-87.715396,60625,ALBANY PARK
100909117,PERMIT - NEW CONSTRUCTION,4/14/2021,4/14/2021,41.92396759,-87.71030966,60647,LOGAN SQUARE
100913360,PERMIT - NEW CONSTRUCTION,4/14/2021,4/14/2021,41.99492882,-87.66026967,60660,EDGEWATER
100914521,PERMIT - NEW CONSTRUCTION,4/14/2021,4/14/2021,41.9638475,-87.69430244,60625,ALBANY PARK
100906143,PERMIT - NEW CONSTRUCTION,4/14/2021,11/1/2021,41.97510735,-87.65924996,60640,EDGEWATER
100917479,PERMIT - NEW CONSTRUCTION,4/14/2021,6/11/2021,41.8553818,-87.71864791,60623,SOUTH LAWNDALE
100911102,PERMIT - NEW CONSTRUCTION,4/14/2021,9/21/2021,41.71516728,-87.67043787,60643,WASHINGTON HEIGHTS
100910600,PERMIT - NEW CONSTRUCTION,4/13/2021,6/1/2021,41.8212735,-87.61862913,60615,GRAND BOULEVARD
100914242,PERMIT - NEW CONSTRUCTION,4/13/2021,6/10/2021,41.83777656,-87.62076858,60653,KENWOOD
100913967,PERMIT - NEW CONSTRUCTION,4/13/2021,8/13/2021,41.92230894,-87.69818789,60647,LOGAN SQUARE
100908621,PERMIT - NEW CONSTRUCTION,4/12/2021,4/12/2021,41.80773592,-87.59665105,60615,GRAND BOULEVARD
100917237,PERMIT - NEW CONSTRUCTION,4/12/2021,4/12/2021,41.95995019,-87.79409123,60634,BELMONT CRAGIN
100871112,PERMIT - NEW CONSTRUCTION,4/12/2021,4/12/2021,41.86478952,-87.72498022,60652,ASHBURN
100910340,PERMIT - NEW CONSTRUCTION,4/12/2021,4/12/2021,41.94255794,-87.7323606,60634,BELMONT CRAGIN
100909402,PERMIT - NEW CONSTRUCTION,4/12/2021,4/15/2021,41.95332945,-87.74613601,60641,AVONDALE
100912432,PERMIT - NEW CONSTRUCTION,4/12/2021,6/18/2021,41.90633682,-87.70946982,60651,HUMBOLDT PARK
100910509,PERMIT - NEW CONSTRUCTION,4/12/2021,4/30/2021,41.823982,-87.6141005,60653,KENWOOD
100908666,PERMIT - NEW CONSTRUCTION,4/12/2021,4/12/2021,41.93595491,-87.74887537,60641,AVONDALE
100914875,PERMIT - NEW CONSTRUCTION,4/12/2021,5/11/2021,41.79745399,-87.75618101,60638,MIDWAY
100911270,PERMIT - NEW CONSTRUCTION,4/10/2021,4/10/2021,41.96548619,-87.7598529,60630,FOREST GLEN
100910634,PERMIT - NEW CONSTRUCTION,4/10/2021,10/28/2021,41.81993645,-87.61973621,60637,WOODLAWN
100911271,PERMIT - NEW CONSTRUCTION,4/10/2021,4/10/2021,41.96548529,-87.75992883,60630,FOREST GLEN
100911300,PERMIT - NEW CONSTRUCTION,4/8/2021,7/28/2021,41.82051524,-87.61975396,60637,WOODLAWN
100913999,PERMIT - NEW CONSTRUCTION,4/7/2021,5/3/2021,41.94880028,-87.71018215,60659,NORTH PARK
100893859,PERMIT - NEW CONSTRUCTION,4/7/2021,4/7/2021,41.90785597,-87.69685312,60625,ALBANY PARK
100910287,PERMIT - NEW CONSTRUCTION,4/7/2021,4/29/2021,41.90736555,-87.6472251,60610,WEST TOWN
100887438,PERMIT - NEW CONSTRUCTION,4/7/2021,11/2/2021,41.92207357,-87.66482468,60614,LOGAN SQUARE
100909370,PERMIT - NEW CONSTRUCTION,4/7/2021,4/7/2021,41.98100048,-87.77336874,60646,FOREST GLEN
100893491,PERMIT - NEW CONSTRUCTION,4/7/2021,4/7/2021,41.90768664,-87.69684905,60625,ALBANY PARK
100893834,PERMIT - NEW CONSTRUCTION,4/7/2021,4/7/2021,41.90779955,-87.69685175,60625,ALBANY PARK
100910635,PERMIT - NEW CONSTRUCTION,4/7/2021,6/10/2021,41.81865012,-87.61970004,60637,WOODLAWN
100913463,PERMIT - NEW CONSTRUCTION,4/7/2021,8/3/2021,41.92389062,-87.77867678,60639,LOGAN SQUARE
100893551,PERMIT - NEW CONSTRUCTION,4/7/2021,4/7/2021,41.90774313,-87.69685037,60625,ALBANY PARK
100907788,PERMIT - NEW CONSTRUCTION,4/6/2021,4/6/2021,41.90476511,-87.70780655,60651,HUMBOLDT PARK
100911559,PERMIT - NEW CONSTRUCTION,4/6/2021,5/4/2021,41.81934129,-87.6182818,60615,GRAND BOULEVARD
100907212,PERMIT - NEW CONSTRUCTION,4/6/2021,4/6/2021,41.91104648,-87.71643325,60647,LOGAN SQUARE
100909498,PERMIT - NEW CONSTRUCTION,4/6/2021,4/6/2021,41.81557795,-87.61419963,60653,KENWOOD
100916347,PERMIT - NEW CONSTRUCTION,4/6/2021,4/6/2021,41.88102972,-87.61728157,60601,LOOP
100911592,PERMIT - NEW CONSTRUCTION,4/6/2021,6/9/2021,41.81922948,-87.61827907,60615,GRAND BOULEVARD
100916138,PERMIT - NEW CONSTRUCTION,4/6/2021,4/6/2021,42.01662445,-87.66510068,60626,
100909723,PERMIT - NEW CONSTRUCTION,4/5/2021,4/5/2021,41.89743254,-87.68949542,60647,LOGAN SQUARE
100915960,PERMIT - NEW CONSTRUCTION,4/5/2021,4/5/2021,41.911372,-87.6262454,60611,
100915773,PERMIT - NEW CONSTRUCTION,4/5/2021,4/19/2021,41.8717937,-87.6777657,60612,NORTH LAWNDALE
100910581,PERMIT - NEW CONSTRUCTION,4/2/2021,5/25/2021,41.81699542,-87.62481453,60637,WOODLAWN
100910629,PERMIT - NEW CONSTRUCTION,4/2/2021,6/15/2021,41.82010417,-87.61974135,60653,KENWOOD
100907670,PERMIT - NEW CONSTRUCTION,4/2/2021,4/2/2021,41.93092398,-87.70827749,60647,LOGAN SQUARE
100912105,PERMIT - NEW CONSTRUCTION,4/2/2021,4/2/2021,41.93262449,-87.69993981,60618,AVONDALE
100915714,PERMIT - NEW CONSTRUCTION,4/1/2021,4/1/2021,41.96348083,-87.65581592,60640,EDGEWATER
100915562,PERMIT - NEW CONSTRUCTION,4/1/2021,4/1/2021,41.83078366,-87.63529578,60632,ARCHER HEIGHTS
100913669,PERMIT - NEW CONSTRUCTION,4/1/2021,4/23/2021,41.9577734,-87.68950447,60618,AVONDALE
100903704,PERMIT - NEW CONSTRUCTION,4/1/2021,5/28/2021,41.8050948,-87.70101245,60632,ARCHER HEIGHTS
100912524,PERMIT - NEW CONSTRUCTION,4/1/2021,9/28/2021,41.81373242,-87.61956636,60637,WOODLAWN
100913209,PERMIT - NEW CONSTRUCTION,4/1/2021,5/17/2021,41.92317426,-87.68846764,60647,LOGAN SQUARE
100910636,PERMIT - NEW CONSTRUCTION,4/1/2021,5/20/2021,41.8185942,-87.61969863,60637,WOODLAWN
100909718,PERMIT - NEW CONSTRUCTION,3/31/2021,3/31/2021,41.97348782,-87.66711782,60640,EDGEWATER
100909729,PERMIT - NEW CONSTRUCTION,3/31/2021,3/31/2021,41.87125595,-87.68764472,60624,HUMBOLDT PARK
100913447,PERMIT - NEW CONSTRUCTION,3/31/2021,3/31/2021,41.91728573,-87.67381574,60614,LOGAN SQUARE
100913721,PERMIT - NEW CONSTRUCTION,3/31/2021,6/10/2021,41.94793137,-87.67585073,60613,
100913722,PERMIT - NEW CONSTRUCTION,3/31/2021,6/25/2021,41.89392072,-87.68086166,60612,NORTH LAWNDALE
100911908,PERMIT - NEW CONSTRUCTION,3/30/2021,3/30/2021,41.90051215,-87.63898596,60610,WEST TOWN
100904870,PERMIT - NEW CONSTRUCTION,3/30/2021,5/21/2021,41.83083726,-87.73029426,60632,ARCHER HEIGHTS
100914473,PERMIT - NEW CONSTRUCTION,3/29/2021,4/14/2021,41.88855584,-87.64592378,60661,WEST TOWN
100907047,PERMIT - NEW CONSTRUCTION,3/29/2021,3/29/2021,41.95584171,-87.70868412,60625,ALBANY PARK
100909252,PERMIT - NEW CONSTRUCTION,3/29/2021,3/29/2021,41.88935425,-87.62410246,60601,LOOP
100910592,PERMIT - NEW CONSTRUCTION,3/29/2021,5/21/2021,41.82133066,-87.61863073,60615,GRAND BOULEVARD
100908834,PERMIT - NEW CONSTRUCTION,3/29/2021,5/18/2021,41.90814849,-87.64958075,60614,LOGAN SQUARE
100913357,PERMIT - NEW CONSTRUCTION,3/26/2021,3/29/2021,41.97562674,-87.70967561,60625,ALBANY PARK
100889629,PERMIT - NEW CONSTRUCTION,3/26/2021,3/26/2021,41.73615275,-87.62796957,60628:60827,
100910672,PERMIT - NEW CONSTRUCTION,3/26/2021,5/4/2021,41.98182434,-87.6655882,60660,EDGEWATER
100911455,PERMIT - NEW CONSTRUCTION,3/26/2021,4/23/2021,41.9001575,-87.6684726,60622,WEST TOWN
100912517,PERMIT - NEW CONSTRUCTION,3/26/2021,4/7/2021,41.90356537,-87.73383447,60651,HUMBOLDT PARK
100913996,PERMIT - NEW CONSTRUCTION,3/26/2021,9/14/2021,41.82716302,-87.62737157,60653,KENWOOD
100767391,PERMIT - NEW CONSTRUCTION,3/26/2021,3/26/2021,41.91227826,-87.63877557,60614,LOGAN SQUARE
100909019,PERMIT - NEW CONSTRUCTION,3/26/2021,3/26/2021,41.90800296,-87.64805062,60642,WEST TOWN
100912496,PERMIT - NEW CONSTRUCTION,3/26/2021,6/28/2021,41.80798001,-87.62103258,60653,KENWOOD
100855556,PERMIT - NEW CONSTRUCTION,3/25/2021,7/27/2021,41.88855584,-87.64592378,60661,WEST TOWN
100912741,PERMIT - NEW CONSTRUCTION,3/25/2021,3/25/2021,41.96429284,-87.68588219,9020,
100908524,PERMIT - NEW CONSTRUCTION,3/24/2021,4/19/2021,41.86274258,-87.65670706,60607,LOOP
100910971,PERMIT - NEW CONSTRUCTION,3/24/2021,4/9/2021,41.9343609,-87.66662229,60657,LAKEVIEW
100911812,PERMIT - NEW CONSTRUCTION,3/24/2021,5/13/2021,41.88705586,-87.61513219,60601,LOOP
100911810,PERMIT - NEW CONSTRUCTION,3/24/2021,5/19/2021,41.88683542,-87.61533229,60601,LOOP
100850772,PERMIT - NEW CONSTRUCTION,3/24/2021,3/24/2021,41.94554888,-87.73613766,60641,AVONDALE
100910169,PERMIT - NEW CONSTRUCTION,3/24/2021,7/19/2021,41.93176301,-87.79564086,60634,BELMONT CRAGIN
100908450,PERMIT - NEW CONSTRUCTION,3/23/2021,3/23/2021,41.89427397,-87.67269506,60612,NORTH LAWNDALE
100890216,PERMIT - NEW CONSTRUCTION,3/23/2021,3/23/2021,41.83292491,-87.6438681,60609,BRIDGEPORT
100909923,PERMIT - NEW CONSTRUCTION,3/23/2021,9/30/2021,41.86990642,-87.63583408,60605,NEAR SOUTH SIDE
100846816,PERMIT - NEW CONSTRUCTION,3/22/2021,3/22/2021,41.81566951,-87.60901062,60653,KENWOOD
100864764,PERMIT - NEW CONSTRUCTION,3/22/2021,3/22/2021,41.89497665,-87.65929386,60622,WEST TOWN
100910286,PERMIT - NEW CONSTRUCTION,3/22/2021,4/29/2021,nan,nan,,
100911590,PERMIT - NEW CONSTRUCTION,3/22/2021,4/30/2021,41.90032262,-87.69511451,60622,WEST TOWN
100910288,PERMIT - NEW CONSTRUCTION,3/22/2021,4/29/2021,41.90736532,-87.64659324,60610,WEST TOWN
100905882,PERMIT - NEW CONSTRUCTION,3/22/2021,3/22/2021,41.89691187,-87.67887643,60622,WEST TOWN
100911774,PERMIT - NEW CONSTRUCTION,3/22/2021,8/25/2021,41.78132233,-87.61067816,60637,WOODLAWN
100909375,PERMIT - NEW CONSTRUCTION,3/19/2021,3/19/2021,41.98105628,-87.77336732,60646,FOREST GLEN
100901073,PERMIT - NEW CONSTRUCTION,3/19/2021,3/19/2021,41.96248581,-87.67258978,60613,
100901081,PERMIT - NEW CONSTRUCTION,3/19/2021,3/19/2021,41.96254235,-87.6725911,60613,
100911486,PERMIT - NEW CONSTRUCTION,3/19/2021,6/8/2021,41.95822304,-87.70556135,60625,ALBANY PARK
100908722,PERMIT - NEW CONSTRUCTION,3/19/2021,3/19/2021,41.67656132,-87.63960758,60628,WASHINGTON HEIGHTS
100911285,PERMIT - NEW CONSTRUCTION,3/19/2021,5/12/2021,41.95703049,-87.68719595,60618,AVONDALE
100911617,PERMIT - NEW CONSTRUCTION,3/19/2021,4/13/2021,41.69871638,-87.70415632,60655,BEVERLY
100786007,PERMIT - NEW CONSTRUCTION,3/19/2021,3/19/2021,41.93842563,-87.71017526,60618,AVONDALE
100896100,PERMIT - NEW CONSTRUCTION,3/18/2021,3/18/2021,41.95223332,-87.65554103,60613,
100908916,PERMIT - NEW CONSTRUCTION,3/18/2021,3/18/2021,41.8583816,-87.64203513,60616,ARMOUR SQUARE
100909502,PERMIT - NEW CONSTRUCTION,3/18/2021,9/1/2021,41.85615623,-87.65651735,60608,NORTH LAWNDALE
100909368,PERMIT - NEW CONSTRUCTION,3/18/2021,10/14/2021,41.77441067,-87.59466409,60637,WOODLAWN
100908721,PERMIT - NEW CONSTRUCTION,3/17/2021,3/17/2021,41.67673065,-87.63961208,60628,WASHINGTON HEIGHTS
100910472,PERMIT - NEW CONSTRUCTION,3/17/2021,8/5/2021,41.85015478,-87.63349619,60616,ARMOUR SQUARE
